faculty_id,name,first_name,last_name,middle_names,other_name,degree,all_degrees_and_inst,all_degrees_only,research_areas,university_code,university,faculty,department,other_depts,primary_aff,membership,canada_research_chair,director,position,,full_time,adjunct,uni_email,other_email,uni_page,website,misc,twitter,phone,fax,gscholar,scopus,wos,orcid,researchgate,academicedu,linkedin
CA-ON-001-00001,Rosalind Abdool,Rosalind,Abdool,,,,,,,CA-ON-001,University of Toronto,Dalla Lana School of Public Health,,,,,,,Adjunct Lecturer,,,,,,,,,,,,,,,,,,
,Ibukun Abejirinde,Ibukun,Abejirinde,,,,,,,CA-ON-001,University of Toronto,Dalla Lana School of Public Health,,,,,,,Assistant Professor,,,,,,,,,,,,,,,,,,
,Alan Abelsohn,Alan,Abelsohn,,,,,,,CA-ON-001,University of Toronto,Dalla Lana School of Public Health,,,,,,,Associate Professor,,,,,,,,,,,,,,,,,,
,Farbod Abolhassani,Farbod,Abolhassani,,,,,,,CA-ON-001,University of Toronto,Dalla Lana School of Public Health,,,,,,,Adjunct Professor,,,,,,,,,,,,,,,,,,
,Alex Abramovich,Alex,Abramovich,,,,,,,CA-ON-001,University of Toronto,Dalla Lana School of Public Health,,,,,,,Associate Professor,,,,,,,,,,,,,,,,,,
,Izzeldin Abuelaish,Izzeldin,Abuelaish,,,,,,,CA-ON-001,University of Toronto,Dalla Lana School of Public Health,,,,,,,Professor,,,,,,,,,,,,,,,,,,
,Marina Afanasyeva,Marina,Afanasyeva,,,,,,,CA-ON-001,University of Toronto,Dalla Lana School of Public Health,,,,,,,Adjunct Lecturer,,,,,,,,,,,,,,,,,,
,Monica Aggarwal,Monica,Aggarwal,,,,,,,CA-ON-001,University of Toronto,Dalla Lana School of Public Health,,,,,,,Assistant Professor,,,,,,,,,,,,,,,,,,
,Branka Agic,Branka,Agic,,,,,,,CA-ON-001,University of Toronto,Dalla Lana School of Public Health,,,,,,,Associate Professor,,,,,,,,,,,,,,,,,,
,Farah Ahmad,Farah,Ahmad,,,,,,,CA-ON-001,University of Toronto,Dalla Lana School of Public Health,,,,,,,Associate Professor,,,,,,,,,,,,,,,,,,
,Ashley Mariko Aimone,Ashley,Aimone,Mariko,,,,,,CA-ON-001,University of Toronto,Dalla Lana School of Public Health,,,,,,,Assistant Professor,,,,,,,,,,,,,,,,,,
,Parisa Airia,Parisa,Airia,,,,,,,CA-ON-001,University of Toronto,Dalla Lana School of Public Health,,,,,,,Assistant Professor,,,,,,,,,,,,,,,,,,
,Mohammad Reza Akbari,Mohammad,Akbari,Reza,,,,,,CA-ON-001,University of Toronto,Dalla Lana School of Public Health,,,,,,,Associate Professor,,,,,,,,,,,,,,,,,,
,Lina Al-​Imari,Lina,Al-​Imari,,,,,,,CA-ON-001,University of Toronto,Dalla Lana School of Public Health,,,,,,,Adjunct Lecturer,,,,,,,,,,,,,,,,,,
,Wright Alexandra,Wright,Alexandra,,,,,,,CA-ON-001,University of Toronto,Dalla Lana School of Public Health,,,,,,,Adjunct Lecturer,,,,,,,,,,,,,,,,,,
,Farihah Ali,Farihah,Ali,,,,,,,CA-ON-001,University of Toronto,Dalla Lana School of Public Health,,,,,,,Assistant Professor,,,,,,,,,,,,,,,,,,
,Julia Mary Alleyne,Julia,Alleyne,Mary,,,,,,CA-ON-001,University of Toronto,Dalla Lana School of Public Health,,,,,,,Associate Professor,,,,,,,,,,,,,,,,,,
,Alemayehu Amberbir,Alemayehu,Amberbir,,,,,,,CA-ON-001,University of Toronto,Dalla Lana School of Public Health,,,,,,,Adjunct Lecturer,,,,,,,,,,,,,,,,,,
,Mohammad Kaviul Anam Khan,Mohammad,Anam Khan,Kaviul,,,,,,CA-ON-001,University of Toronto,Dalla Lana School of Public Health,,,,,,,N/A,,,,,,,,,,,,,,,,,,
,James Anderson,James,Anderson,,,,,,,CA-ON-001,University of Toronto,Dalla Lana School of Public Health,,,,,,,Assistant Professor,,,,,,,,,,,,,,,,,,
,John Anderson,John,Anderson,,,,,,,CA-ON-001,University of Toronto,Dalla Lana School of Public Health,,,,,,,Assistant Professor,,,,,,,,,,,,,,,,,,
,David Andrews,David,Andrews,,,,,,,CA-ON-001,University of Toronto,Dalla Lana School of Public Health,,,,,,,Professor Emeritus,,,,,,,,,,,,,,,,,,
,Irene Armstrong,Irene,Armstrong,,,,,,,CA-ON-001,University of Toronto,Dalla Lana School of Public Health,,,,,,,Adjunct Professor,,,,,,,,,,,,,,,,,,
,Paul Arora,Paul,Arora,,,,,,,CA-ON-001,University of Toronto,Dalla Lana School of Public Health,,,,,,,Adjunct Lecturer,,,,,,,,,,,,,,,,,,
,Victoria Arrandale,Victoria,Arrandale,,,,,,,CA-ON-001,University of Toronto,Dalla Lana School of Public Health,,,,,,,Associate Professor,,,,,,,,,,,,,,,,,,
,Mary Jane Ashley,Mary,Ashley,Jane,,,,,,CA-ON-001,University of Toronto,Dalla Lana School of Public Health,,,,,,,Professor Emerita,,,,,,,,,,,,,,,,,,
,Garry Aslanyan,Garry,Aslanyan,,,,,,,CA-ON-001,University of Toronto,Dalla Lana School of Public Health,,,,,,,Adjunct Professor,,,,,,,,,,,,,,,,,,
,Farhan Asrar,Farhan,Asrar,,,,,,,CA-ON-001,University of Toronto,Dalla Lana School of Public Health,,,,,,,Associate Professor,,,,,,,,,,,,,,,,,,
,Anushka Ataullahjan,Anushka,Ataullahjan,,,,,,,CA-ON-001,University of Toronto,Dalla Lana School of Public Health,,,,,,,Assistant Professor,,,,,,,,,,,,,,,,,,
,Eshetu G Atenafu,Eshetu,Atenafu,G,,,,,,CA-ON-001,University of Toronto,Dalla Lana School of Public Health,,,,,,,Adjunct Lecturer,,,,,,,,,,,,,,,,,,
,Michael Atkinson,Michael,Atkinson,,,,,,,CA-ON-001,University of Toronto,Dalla Lana School of Public Health,,,,,,,Professor,,,,,,,,,,,,,,,,,,
,Lisa Avery,Lisa,Avery,,,,,,,CA-ON-001,University of Toronto,Dalla Lana School of Public Health,,,,,,,Assistant Professor,,,,,,,,,,,,,,,,,,
,Elizabeth M Badley,Elizabeth,Badley,M,,,,,,CA-ON-001,University of Toronto,Dalla Lana School of Public Health,,,,,,,Professor Emerita,,,,,,,,,,,,,,,,,,
,Cornelia J Baines,Cornelia,Baines,J,,,,,,CA-ON-001,University of Toronto,Dalla Lana School of Public Health,,,,,,,Professor Emerita,,,,,,,,,,,,,,,,,,
,Dolly Baliunas,Dolly,Baliunas,,,,,,,CA-ON-001,University of Toronto,Dalla Lana School of Public Health,,,,,,,Assistant Professor,,,,,,,,,,,,,,,,,,
,Hailey Banack,Hailey,Banack,,,,,,,CA-ON-001,University of Toronto,Dalla Lana School of Public Health,,,,,,,Assistant Professor,,,,,,,,,,,,,,,,,,
,Ananya Tina Banerjee,Ananya,Banerjee,Tina,,,,,,CA-ON-001,University of Toronto,Dalla Lana School of Public Health,,,,,,,Assistant Professor,,,,,,,,,,,,,,,,,,
,Claudia Barned,Claudia,Barned,,,,,,,CA-ON-001,University of Toronto,Dalla Lana School of Public Health,,,,,,,Assistant Professor,,,,,,,,,,,,,,,,,,
,Melanie Barwick,Melanie,Barwick,,,,,,,CA-ON-001,University of Toronto,Dalla Lana School of Public Health,,,,,,,Professor,,,,,,,,,,,,,,,,,,
,Diego G Bassani,Diego,Bassani,G,,,,,,CA-ON-001,University of Toronto,Dalla Lana School of Public Health,,,,,,,Associate Professor,,,,,,,,,,,,,,,,,,
,Brice Batomen Kuimi,Brice,Batomen Kuimi,,,,,,,CA-ON-001,University of Toronto,Dalla Lana School of Public Health,,,,,,,Assistant Professor,,,,,,,,,,,,,,,,,,
,Helen P Batty,Helen,Batty,P,,,,,,CA-ON-001,University of Toronto,Dalla Lana School of Public Health,,,,,,,Professor,,,,,,,,,,,,,,,,,,
,Greta Bauer,Greta,Bauer,,,,,,,CA-ON-001,University of Toronto,Dalla Lana School of Public Health,,,,,,,Professor,,,,,,,,,,,,,,,,,,
,Nancy Baxter,Nancy,Baxter,,,,,,,CA-ON-001,University of Toronto,Dalla Lana School of Public Health,,,,,,,Professor,,,,,,,,,,,,,,,,,,
,Amanda Beales,Amanda,Beales,,,,,,,CA-ON-001,University of Toronto,Dalla Lana School of Public Health,,,,,,,Adjunct Lecturer,,,,,,,,,,,,,,,,,,
,Sally Bean,Sally,Bean,,,,,,,CA-ON-001,University of Toronto,Dalla Lana School of Public Health,,,,,,,Adjunct Lecturer,,,,,,,,,,,,,,,,,,
,Jennifer Bell,Jennifer,Bell,,,,,,,CA-ON-001,University of Toronto,Dalla Lana School of Public Health,,,,,,,Assistant Professor,,,,,,,,,,,,,,,,,,
,Solomon Robert Benatar,Solomon,Benatar,Robert,Solly,,,,,CA-ON-001,University of Toronto,Dalla Lana School of Public Health,,,,,,,Adjunct Professor,,,,,,,,,,,,,,,,,,
,Jackie Bender,Jackie,Bender,,,,,,,CA-ON-001,University of Toronto,Dalla Lana School of Public Health,,,,,,,Associate Professor,,,,,,,,,,,,,,,,,,
,Caroline W Bennett-​Abuayyash,Caroline,Bennett-​Abuayyash,W,,,,,,CA-ON-001,University of Toronto,Dalla Lana School of Public Health,,,,,,,Assistant Professor,,,,,,,,,,,,,,,,,,
,Anita C Benoit,Anita,Benoit,C,,,,,,CA-ON-001,University of Toronto,Dalla Lana School of Public Health,,,,,,,Assistant Professor,,,,,,,,,,,,,,,,,,
,Lisa Berger,Lisa,Berger,,,,,,,CA-ON-001,University of Toronto,Dalla Lana School of Public Health,,,,,,,Adjunct Lecturer,,,,,,,,,,,,,,,,,,
,Joyce I Bernstein,Joyce,Bernstein,I,,,,,,CA-ON-001,University of Toronto,Dalla Lana School of Public Health,,,,,,,Assistant Professor,,,,,,,,,,,,,,,,,,
,Isha Berry,Isha,Berry,,,,,,,CA-ON-001,University of Toronto,Dalla Lana School of Public Health,,,,,,,Adjunct Lecturer,,,,,,,,,,,,,,,,,,
,Shafi U Bhuiyan,Shafi,Bhuiyan,U,,,,,,CA-ON-001,University of Toronto,Dalla Lana School of Public Health,,,,,,,Associate Professor,,,,,,,,,,,,,,,,,,
,Zulfiqar Bhutta,Zulfiqar,Bhutta,,,,,,,CA-ON-001,University of Toronto,Dalla Lana School of Public Health,,,,,,,Professor,,,,,,,,,,,,,,,,,,
,Andria Bianchi,Andria,Bianchi,,,,,,,CA-ON-001,University of Toronto,Dalla Lana School of Public Health,,,,,,,Assistant Professor,,,,,,,,,,,,,,,,,,
,Blair Bigham,Blair,Bigham,,,,,,,CA-ON-001,University of Toronto,Dalla Lana School of Public Health,,,,,,,Assistant Professor,,,,,,,,,,,,,,,,,,
,Rose Bilotta,Rose,Bilotta,,,,,,,CA-ON-001,University of Toronto,Dalla Lana School of Public Health,,,,,,,Adjunct Professor,,,,,,,,,,,,,,,,,,
,Malcolm Binns,Malcolm,Binns,,,,,,,CA-ON-001,University of Toronto,Dalla Lana School of Public Health,,,,,,,Associate Professor,,,,,,,,,,,,,,,,,,
,Elizabeth Birk-​Urovitz,Elizabeth,Birk-​Urovitz,,,,,,,CA-ON-001,University of Toronto,Dalla Lana School of Public Health,,,,,,,Adjunct Lecturer,,,,,,,,,,,,,,,,,,
,Anne-​Emanuelle Birn,Anne-​Emanuelle,Birn,,,,,,,CA-ON-001,University of Toronto,Dalla Lana School of Public Health,,,,,,,Professor,,,,,,,,,,,,,,,,,,
,Aviroop Biswas,Aviroop,Biswas,,,,,,,CA-ON-001,University of Toronto,Dalla Lana School of Public Health,,,,,,,Assistant Professor,,,,,,,,,,,,,,,,,,
,Alexandra Blair,Alexandra,Blair,,,,,,,CA-ON-001,University of Toronto,Dalla Lana School of Public Health,,,,,,,Assistant Professor,,,,,,,,,,,,,,,,,,
,Jennifer Blake,Jennifer,Blake,,,,,,,CA-ON-001,University of Toronto,Dalla Lana School of Public Health,,,,,,,Professor,,,,,,,,,,,,,,,,,,
,Antoine Boivin,Antoine,Boivin,,,,,,,CA-ON-001,University of Toronto,Dalla Lana School of Public Health,,,,,,,Associate Professor,,,,,,,,,,,,,,,,,,
,Shelly Bolotin,Shelly,Bolotin,,,,,,,CA-ON-001,University of Toronto,Dalla Lana School of Public Health,,,,,,,Associate Professor,,,,,,,,,,,,,,,,,,
,Susan J Bondy,Susan,Bondy,J,,,,,,CA-ON-001,University of Toronto,Dalla Lana School of Public Health,,,,,,,Associate Professor,,,,,,,,,,,,,,,,,,
,Paul Bozek,Paul,Bozek,,,,,,,CA-ON-001,University of Toronto,Dalla Lana School of Public Health,,,,,,,Associate Professor,,,,,,,,,,,,,,,,,,
,Paula KA Braitstein,Paula,Braitstein,KA,,,,,,CA-ON-001,University of Toronto,Dalla Lana School of Public Health,,,,,,,Professor,,,,,,,,,,,,,,,,,,
,Nicholas Brandon,Nicholas,Brandon,,,,,,,CA-ON-001,University of Toronto,Dalla Lana School of Public Health,,,,,,,Adjunct Lecturer,,,,,,,,,,,,,,,,,,
,Riina Ines Bray,Riina,Bray,Ines,,,,,,CA-ON-001,University of Toronto,Dalla Lana School of Public Health,,,,,,,Assistant Professor,,,,,,,,,,,,,,,,,,
,Kristin Bright,Kristin,Bright,,,,,,,CA-ON-001,University of Toronto,Dalla Lana School of Public Health,,,,,,,Associate Professor,,,,,,,,,,,,,,,,,,
,Laurent Briollais,Laurent,Briollais,,,,,,,CA-ON-001,University of Toronto,Dalla Lana School of Public Health,,,,,,,Professor,,,,,,,,,,,,,,,,,,
,Susan Bronskill,Susan,Bronskill,,,,,,,CA-ON-001,University of Toronto,Dalla Lana School of Public Health,,,,,,,Professor,,,,,,,,,,,,,,,,,,
,Jeffrey R. Brook,Jeffrey,Brook,R.,,,,,,CA-ON-001,University of Toronto,Dalla Lana School of Public Health,,,,,,,Associate Professor,,,,,,,,,,,,,,,,,,
,Jennifer Brooks,Jennifer,Brooks,,,,,,,CA-ON-001,University of Toronto,Dalla Lana School of Public Health,,,,,,,Associate Professor,,,,,,,,,,,,,,,,,,
,Adalsteinn Brown,Adalsteinn,Brown,,,,,,,CA-ON-001,University of Toronto,Dalla Lana School of Public Health,,,,,,,Professor,,,,,,,,,,,,,,,,,,
,Hilary Brown,Hilary,Brown,,,,,,,CA-ON-001,University of Toronto,Dalla Lana School of Public Health,,,,,,,Associate Professor,,,,,,,,,,,,,,,,,,
,Kevin Antoine Brown,Kevin,Brown,Antoine,,,,,,CA-ON-001,University of Toronto,Dalla Lana School of Public Health,,,,,,,Associate Professor,,,,,,,,,,,,,,,,,,
,Sarah A Buchan,Sarah,Buchan,A,,,,,,CA-ON-001,University of Toronto,Dalla Lana School of Public Health,,,,,,,Associate Professor,,,,,,,,,,,,,,,,,,
,Daniel Z Buchman,Daniel,Buchman,Z,,,,,,CA-ON-001,University of Toronto,Dalla Lana School of Public Health,,,,,,,Associate Professor,,,,,,,,,,,,,,,,,,
,Pierrette Buklis,Pierrette,Buklis,,,,,,,CA-ON-001,University of Toronto,Dalla Lana School of Public Health,,,,,,,Assistant Professor,,,,,,,,,,,,,,,,,,
,Shelley Bull,Shelley,Bull,,,,,,,CA-ON-001,University of Toronto,Dalla Lana School of Public Health,,,,,,,Professor,,,,,,,,,,,,,,,,,,
,Ann Natalie Burchell,Ann,Burchell,Natalie,,,,,,CA-ON-001,University of Toronto,Dalla Lana School of Public Health,,,,,,,Professor,,,,,,,,,,,,,,,,,,
,Tracie Burke,Tracie,Burke,,,,,,,CA-ON-001,University of Toronto,Dalla Lana School of Public Health,,,,,,,Assistant Professor,,,,,,,,,,,,,,,,,,
,Suzanne Cadarette,Suzanne,Cadarette,,,,,,,CA-ON-001,University of Toronto,Dalla Lana School of Public Health,,,,,,,Associate Professor,,,,,,,,,,,,,,,,,,
,Juan Camilo Cajigas Rotundo,Juan,Cajigas Rotundo,Camilo,,,,,,CA-ON-001,University of Toronto,Dalla Lana School of Public Health,,,,,,,Assistant Professor,,,,,,,,,,,,,,,,,,
,Liviana Mostacci Calzavara,Liviana,Calzavara,Mostacci,,,,,,CA-ON-001,University of Toronto,Dalla Lana School of Public Health,,,,,,,Professor Emerita,,,,,,,,,,,,,,,,,,
,Susan C Campisi,Susan,Campisi,C,,,,,,CA-ON-001,University of Toronto,Dalla Lana School of Public Health,,,,,,,Adjunct Lecturer,,,,,,,,,,,,,,,,,,
,Nancy Carnide,Nancy,Carnide,,,,,,,CA-ON-001,University of Toronto,Dalla Lana School of Public Health,,,,,,,Assistant Professor,,,,,,,,,,,,,,,,,,
,Elyse Caron-​Beaudoin,Elyse,Caron-​Beaudoin,,,,,,,CA-ON-001,University of Toronto,Dalla Lana School of Public Health,,,,,,,Assistant Professor,,,,,,,,,,,,,,,,,,
,Sarah Carsley,Sarah,Carsley,,,,,,,CA-ON-001,University of Toronto,Dalla Lana School of Public Health,,,,,,,Adjunct Lecturer,,,,,,,,,,,,,,,,,,
,John David Cassidy,John,Cassidy,David,,,,,,CA-ON-001,University of Toronto,Dalla Lana School of Public Health,,,,,,,Adjunct Professor,,,,,,,,,,,,,,,,,,
,Fabian Cataldo,Fabian,Cataldo,,,,,,,CA-ON-001,University of Toronto,Dalla Lana School of Public Health,,,,,,,Adjunct Lecturer,,,,,,,,,,,,,,,,,,
,Alexa Caturay,Alexa,Caturay,,,,,,,CA-ON-001,University of Toronto,Dalla Lana School of Public Health,,,,,,,Adjunct Lecturer,,,,,,,,,,,,,,,,,,
,Lissa Ceolin,Lissa,Ceolin,,,,,,,CA-ON-001,University of Toronto,Dalla Lana School of Public Health,,,,,,,Lecturer,,,,,,,,,,,,,,,,,,
,Michael Chaiton,Michael,Chaiton,,,,,,,CA-ON-001,University of Toronto,Dalla Lana School of Public Health,,,,,,,Associate Professor,,,,,,,,,,,,,,,,,,
,Catherine G Chalin,Catherine,Chalin,G,,,,,,CA-ON-001,University of Toronto,Dalla Lana School of Public Health,,,,,,,Professor Emerita,,,,,,,,,,,,,,,,,,
,Catharine Chambers,Catharine,Chambers,,,,,,,CA-ON-001,University of Toronto,Dalla Lana School of Public Health,,,,,,,Adjunct Lecturer,,,,,,,,,,,,,,,,,,
,Adrienne K Chan,Adrienne,Chan,K,,,,,,CA-ON-001,University of Toronto,Dalla Lana School of Public Health,,,,,,,Associate Professor,,,,,,,,,,,,,,,,,,
,Jocelyn Charles,Jocelyn,Charles,,,,,,,CA-ON-001,University of Toronto,Dalla Lana School of Public Health,,,,,,,Associate Professor,,,,,,,,,,,,,,,,,,
,Freida Chavez,Freida,Chavez,,,,,,,CA-ON-001,University of Toronto,Dalla Lana School of Public Health,,,,,,,"Associate Professor, Teaching Stream",,,,,,,,,,,,,,,,,,
,Hong Chen,Hong,Chen,,,,,,,CA-ON-001,University of Toronto,Dalla Lana School of Public Health,,,,,,,Assistant Professor,,,,,,,,,,,,,,,,,,
,Emma Cheng,Emma,Cheng,,,,,,,CA-ON-001,University of Toronto,Dalla Lana School of Public Health,,,,,,,Adjunct Lecturer,,,,,,,,,,,,,,,,,,
,Anna Maria Chiarelli,Anna,Chiarelli,Maria,,,,,,CA-ON-001,University of Toronto,Dalla Lana School of Public Health,,,,,,,Adjunct Professor,,,,,,,,,,,,,,,,,,
,Mary Louise Chipman,Mary,Chipman,Louise,,,,,,CA-ON-001,University of Toronto,Dalla Lana School of Public Health,,,,,,,Professor Emerita,,,,,,,,,,,,,,,,,,
,Arun Chockalingam,Arun,Chockalingam,,,,,,,CA-ON-001,University of Toronto,Dalla Lana School of Public Health,,,,,,,Adjunct Professor,,,,,,,,,,,,,,,,,,
,Bernard CK Choi,Bernard,Choi,CK,,,,,,CA-ON-001,University of Toronto,Dalla Lana School of Public Health,,,,,,,Associate Professor,,,,,,,,,,,,,,,,,,
,Chung-​Wai Chow,Chung-​Wai,Chow,,,,,,,CA-ON-001,University of Toronto,Dalla Lana School of Public Health,,,,,,,Associate Professor,,,,,,,,,,,,,,,,,,
,Shein-​Chung Chow,Shein-​Chung,Chow,,,,,,,CA-ON-001,University of Toronto,Dalla Lana School of Public Health,,,,,,,Professor,,,,,,,,,,,,,,,,,,
,Allison Chris,Allison,Chris,,,,,,,CA-ON-001,University of Toronto,Dalla Lana School of Public Health,,,,,,,Adjunct Professor,,,,,,,,,,,,,,,,,,
,Kathryn Cleverley,Kathryn,Cleverley,,,,,,,CA-ON-001,University of Toronto,Dalla Lana School of Public Health,,,,,,,Adjunct Lecturer,,,,,,,,,,,,,,,,,,
,David Coburn,David,Coburn,,,,,,,CA-ON-001,University of Toronto,Dalla Lana School of Public Health,,,,,,,Professor Emeritus,,,,,,,,,,,,,,,,,,
,Donald C Cole,Donald,Cole,C,,,,,,CA-ON-001,University of Toronto,Dalla Lana School of Public Health,,,,,,,Professor Emeritus,,,,,,,,,,,,,,,,,,
,Brenda L Coleman,Brenda,Coleman,L,,,,,,CA-ON-001,University of Toronto,Dalla Lana School of Public Health,,,,,,,Assistant Professor,,,,,,,,,,,,,,,,,,
,Eoin Connolly,Eoin,Connolly,,,,,,,CA-ON-001,University of Toronto,Dalla Lana School of Public Health,,,,,,,Adjunct Lecturer,,,,,,,,,,,,,,,,,,
,Raymond Copes,Raymond,Copes,,,,,,,CA-ON-001,University of Toronto,Dalla Lana School of Public Health,,,,,,,Adjunct Professor,,,,,,,,,,,,,,,,,,
,Andrea A Cortinois,Andrea,Cortinois,A,,,,,,CA-ON-001,University of Toronto,Dalla Lana School of Public Health,,,,,,,Assistant Professor,,,,,,,,,,,,,,,,,,
,Pierre Côté,Pierre,Côté,,,,,,,CA-ON-001,University of Toronto,Dalla Lana School of Public Health,,,,,,,Professor,,,,,,,,,,,,,,,,,,
,Michelle Cotterchio,Michelle,Cotterchio,,,,,,,CA-ON-001,University of Toronto,Dalla Lana School of Public Health,,,,,,,Professor,,,,,,,,,,,,,,,,,,
,Allison Crawford,Allison,Crawford,,,,,,,CA-ON-001,University of Toronto,Dalla Lana School of Public Health,,,,,,,Professor,,,,,,,,,,,,,,,,,,
,Marisa Creatore,Marisa,Creatore,,,,,,,CA-ON-001,University of Toronto,Dalla Lana School of Public Health,,,,,,,Assistant Professor,,,,,,,,,,,,,,,,,,
,Robert Cribb,Robert,Cribb,,,,,,,CA-ON-001,University of Toronto,Dalla Lana School of Public Health,,,,,,,Assistant Professor,,,,,,,,,,,,,,,,,,
,Natasha Sarah Crowcroft,Natasha,Crowcroft,Sarah,,,,,,CA-ON-001,University of Toronto,Dalla Lana School of Public Health,,,,,,,Professor,,,,,,,,,,,,,,,,,,
,Angela Cuddy,Angela,Cuddy,,,,,,,CA-ON-001,University of Toronto,Dalla Lana School of Public Health,,,,,,,Lecturer,,,,,,,,,,,,,,,,,,
,Michael D Cusimano,Michael,Cusimano,D,,,,,,CA-ON-001,University of Toronto,Dalla Lana School of Public Health,,,,,,,Professor,,,,,,,,,,,,,,,,,,
,Colin D’Cunha,Colin,D’Cunha,,,,,,,CA-ON-001,University of Toronto,Dalla Lana School of Public Health,,,,,,,Adjunct Professor,,,,,,,,,,,,,,,,,,
,Abdallah S Daar,Abdallah,Daar,S,,,,,,CA-ON-001,University of Toronto,Dalla Lana School of Public Health,,,,,,,Professor Emeritus,,,,,,,,,,,,,,,,,,
,Amrita Daftary,Amrita,Daftary,,,,,,,CA-ON-001,University of Toronto,Dalla Lana School of Public Health,,,,,,,Associate Professor,,,,,,,,,,,,,,,,,,
,Katie Dainty,Katie,Dainty,,,,,,,CA-ON-001,University of Toronto,Dalla Lana School of Public Health,,,,,,,Associate Professor,,,,,,,,,,,,,,,,,,
,Catherine Davey,Catherine,Davey,,,,,,,CA-ON-001,University of Toronto,Dalla Lana School of Public Health,,,,,,,Professor,,,,,,,,,,,,,,,,,,
,Rachel Davey,Rachel,Davey,,,,,,,CA-ON-001,University of Toronto,Dalla Lana School of Public Health,,,,,,,Associate Professor,,,,,,,,,,,,,,,,,,
,Margaret De Melo,Margaret,De Melo,,,,,,,CA-ON-001,University of Toronto,Dalla Lana School of Public Health,,,,,,,Adjunct Lecturer,,,,,,,,,,,,,,,,,,
,Eileen de Villa,Eileen,de Villa,,,,,,,CA-ON-001,University of Toronto,Dalla Lana School of Public Health,,,,,,,Adjunct Professor,,,,,,,,,,,,,,,,,,
,Raisa Berlin Deber,Raisa,Deber,Berlin,,,,,,CA-ON-001,University of Toronto,Dalla Lana School of Public Health,,,,,,,Professor,,,,,,,,,,,,,,,,,,
,Nathan DeBono,Nathan,DeBono,,,,,,,CA-ON-001,University of Toronto,Dalla Lana School of Public Health,,,,,,,Assistant Professor,,,,,,,,,,,,,,,,,,
,Paul Demers,Paul,Demers,,,,,,,CA-ON-001,University of Toronto,Dalla Lana School of Public Health,,,,,,,Professor,,,,,,,,,,,,,,,,,,
,Karen Devon,Karen,Devon,,,,,,,CA-ON-001,University of Toronto,Dalla Lana School of Public Health,,,,,,,Assistant Professor,,,,,,,,,,,,,,,,,,
,Patricia Di Ciano,Patricia,Di Ciano,,,,,,,CA-ON-001,University of Toronto,Dalla Lana School of Public Health,,,,,,,Associate Professor,,,,,,,,,,,,,,,,,,
,Erica Di Ruggiero,Erica,Di Ruggiero,,,,,,,CA-ON-001,University of Toronto,Dalla Lana School of Public Health,,,,,,,Associate Professor,,,,,,,,,,,,,,,,,,
,Miriam Leah Diamond,Miriam,Diamond,Leah,,,,,,CA-ON-001,University of Toronto,Dalla Lana School of Public Health,,,,,,,Professor,,,,,,,,,,,,,,,,,,
,Helen Dimaras,Helen,Dimaras,,,,,,,CA-ON-001,University of Toronto,Dalla Lana School of Public Health,,,,,,,Associate Professor,,,,,,,,,,,,,,,,,,
,Minh T Do,Minh,Do,T,,,,,,CA-ON-001,University of Toronto,Dalla Lana School of Public Health,,,,,,,Assistant Professor,,,,,,,,,,,,,,,,,,
,Kathleen Dobson,Kathleen,Dobson,,,,,,,CA-ON-001,University of Toronto,Dalla Lana School of Public Health,,,,,,,Assistant Professor,,,,,,,,,,,,,,,,,,
,Kathleen Doukas,Kathleen,Doukas,,,,,,,CA-ON-001,University of Toronto,Dalla Lana School of Public Health,,,,,,,Lecturer,,,,,,,,,,,,,,,,,,
,OmiSoore Dryden,OmiSoore,Dryden,,,,,,,CA-ON-001,University of Toronto,Dalla Lana School of Public Health,,,,,,,Associate Professor,,,,,,,,,,,,,,,,,,
,Janice Du Mont,Janice,Du Mont,,,,,,,CA-ON-001,University of Toronto,Dalla Lana School of Public Health,,,,,,,Professor,,,,,,,,,,,,,,,,,,
,Vinita Dubey,Vinita,Dubey,,,,,,,CA-ON-001,University of Toronto,Dalla Lana School of Public Health,,,,,,,Adjunct Professor,,,,,,,,,,,,,,,,,,
,Karalyn Dueck,Karalyn,Dueck,,,,,,,CA-ON-001,University of Toronto,Dalla Lana School of Public Health,,,,,,,Adjunct Lecturer,,,,,,,,,,,,,,,,,,
,Sheila Dunn,Sheila,Dunn,,,,,,,CA-ON-001,University of Toronto,Dalla Lana School of Public Health,,,,,,,Associate Professor Emerita,,,,,,,,,,,,,,,,,,
,Annie Dupuis,Annie,Dupuis,,,,,,,CA-ON-001,University of Toronto,Dalla Lana School of Public Health,,,,,,,Adjunct Professor,,,,,,,,,,,,,,,,,,
,Elizabeth Dyke,Elizabeth,Dyke,,,,,,,CA-ON-001,University of Toronto,Dalla Lana School of Public Health,,,,,,,Adjunct Lecturer,,,,,,,,,,,,,,,,,,
,LaRon E. Nelson,LaRon,E. Nelson,,,,,,,CA-ON-001,University of Toronto,Dalla Lana School of Public Health,,,,,,,Associate Professor,,,,,,,,,,,,,,,,,,
,Joan Eakin,Joan,Eakin,,,,,,,CA-ON-001,University of Toronto,Dalla Lana School of Public Health,,,,,,,Professor Emerita,,,,,,,,,,,,,,,,,,
,Marie Eason Klatt,Marie,Eason Klatt,,,,,,,CA-ON-001,University of Toronto,Dalla Lana School of Public Health,,,,,,,Lecturer,,,,,,,,,,,,,,,,,,
,Richard Edwards,Richard,Edwards,,,,,,,CA-ON-001,University of Toronto,Dalla Lana School of Public Health,,,,,,,Adjunct Lecturer,,,,,,,,,,,,,,,,,,
,Sarah Edwards,Sarah,Edwards,,,,,,,CA-ON-001,University of Toronto,Dalla Lana School of Public Health,,,,,,,Assistant Professor,,,,,,,,,,,,,,,,,,
,Gillian Einstein,Gillian,Einstein,,,,,,,CA-ON-001,University of Toronto,Dalla Lana School of Public Health,,,,,,,Professor,,,,,,,,,,,,,,,,,,
,Morty Eisenberg,Morty,Eisenberg,,,,,,,CA-ON-001,University of Toronto,Dalla Lana School of Public Health,,,,,,,Assistant Professor,,,,,,,,,,,,,,,,,,
,Sarah Elton,Sarah,Elton,,,,,,,CA-ON-001,University of Toronto,Dalla Lana School of Public Health,,,,,,,Assistant Professor,,,,,,,,,,,,,,,,,,
,Lonnie Embleton,Lonnie,Embleton,,,,,,,CA-ON-001,University of Toronto,Dalla Lana School of Public Health,,,,,,,Assistant Professor,,,,,,,,,,,,,,,,,,
,Michael Escobar,Michael,Escobar,,,,,,,CA-ON-001,University of Toronto,Dalla Lana School of Public Health,,,,,,,Professor,,,,,,,,,,,,,,,,,,
,Osvaldo Espin-​Garcia,Osvaldo,Espin-​Garcia,,,,,,,CA-ON-001,University of Toronto,Dalla Lana School of Public Health,,,,,,,Assistant Professor,,,,,,,,,,,,,,,,,,
,Gail Eyssen,Gail,Eyssen,,,,,,,CA-ON-001,University of Toronto,Dalla Lana School of Public Health,,,,,,,Professor Emerita,,,,,,,,,,,,,,,,,,
,Shaza Fadel,Shaza,Fadel,,,,,,,CA-ON-001,University of Toronto,Dalla Lana School of Public Health,,,,,,,Assistant Professor,,,,,,,,,,,,,,,,,,
,Kimberly Fairman,Kimberly,Fairman,,,,,,,CA-ON-001,University of Toronto,Dalla Lana School of Public Health,,,,,,,Adjunct Lecturer,,,,,,,,,,,,,,,,,,
,Daniel Felsky,Daniel,Felsky,,,,,,,CA-ON-001,University of Toronto,Dalla Lana School of Public Health,,,,,,,Assistant Professor,,,,,,,,,,,,,,,,,,
,JoAnne Fernandes,JoAnne,Fernandes,,,,,,,CA-ON-001,University of Toronto,Dalla Lana School of Public Health,,,,,,,Adjunct Lecturer,,,,,,,,,,,,,,,,,,
,Roberta Ferrence,Roberta,Ferrence,,,,,,,CA-ON-001,University of Toronto,Dalla Lana School of Public Health,,,,,,,Adjunct Professor,,,,,,,,,,,,,,,,,,
,Lorraine E Ferris,Lorraine,Ferris,E,,,,,,CA-ON-001,University of Toronto,Dalla Lana School of Public Health,,,,,,,Professor,,,,,,,,,,,,,,,,,,
,Dianne M Fierheller,Dianne,Fierheller,M,,,,,,CA-ON-001,University of Toronto,Dalla Lana School of Public Health,,,,,,,Assistant Professor,,,,,,,,,,,,,,,,,,
,Michael Finkelstein,Michael,Finkelstein,,,,,,,CA-ON-001,University of Toronto,Dalla Lana School of Public Health,,,,,,,Adjunct Professor,,,,,,,,,,,,,,,,,,
,David N Fisman,David,Fisman,N,,,,,,CA-ON-001,University of Toronto,Dalla Lana School of Public Health,,,,,,,Professor,,,,,,,,,,,,,,,,,,
,Alanna Fitzgerald-​Husek,Alanna,Fitzgerald-​Husek,,,,,,,CA-ON-001,University of Toronto,Dalla Lana School of Public Health,,,,,,,Adjunct Lecturer,,,,,,,,,,,,,,,,,,
,Tiffany Fitzpatrick,Tiffany,Fitzpatrick,,,,,,,CA-ON-001,University of Toronto,Dalla Lana School of Public Health,,,,,,,Assistant Professor,,,,,,,,,,,,,,,,,,
,Lisa Forman,Lisa,Forman,,,,,,,CA-ON-001,University of Toronto,Dalla Lana School of Public Health,,,,,,,Professor,,,,,,,,,,,,,,,,,,
,Ann Fox,Ann,Fox,,,,,,,CA-ON-001,University of Toronto,Dalla Lana School of Public Health,,,,,,,Associate Professor,,,,,,,,,,,,,,,,,,
,John Frank,John,Frank,,,,,,,CA-ON-001,University of Toronto,Dalla Lana School of Public Health,,,,,,,Professor Emeritus,,,,,,,,,,,,,,,,,,
,Risa Freeman,Risa,Freeman,,,,,,,CA-ON-001,University of Toronto,Dalla Lana School of Public Health,,,,,,,Associate Professor,,,,,,,,,,,,,,,,,,
,Susanna Fung,Susanna,Fung,,,,,,,CA-ON-001,University of Toronto,Dalla Lana School of Public Health,,,,,,,Assistant Professor,,,,,,,,,,,,,,,,,,
,Mikaela Gabriel,Mikaela,Gabriel,,,,,,,CA-ON-001,University of Toronto,Dalla Lana School of Public Health,,,,,,,Assistant Professor,,,,,,,,,,,,,,,,,,
,Michelle Gaffey,Michelle,Gaffey,,,,,,,CA-ON-001,University of Toronto,Dalla Lana School of Public Health,,,,,,,Adjunct Lecturer,,,,,,,,,,,,,,,,,,
,France Gagnon,France,Gagnon,,,,,,,CA-ON-001,University of Toronto,Dalla Lana School of Public Health,,,,,,,Professor,,,,,,,,,,,,,,,,,,
,Marilou Gagnon,Marilou,Gagnon,,,,,,,CA-ON-001,University of Toronto,Dalla Lana School of Public Health,,,,,,,Professor,,,,,,,,,,,,,,,,,,
,Amy Gajaria,Amy,Gajaria,,,,,,,CA-ON-001,University of Toronto,Dalla Lana School of Public Health,,,,,,,Assistant Professor,,,,,,,,,,,,,,,,,,
,Patrick Galange,Patrick,Galange,,,,,,,CA-ON-001,University of Toronto,Dalla Lana School of Public Health,,,,,,,Adjunct Lecturer,,,,,,,,,,,,,,,,,,
,Jason Garay,Jason,Garay,,,,,,,CA-ON-001,University of Toronto,Dalla Lana School of Public Health,,,,,,,Adjunct Professor,,,,,,,,,,,,,,,,,,
,Charles Gardner,Charles,Gardner,,,,,,,CA-ON-001,University of Toronto,Dalla Lana School of Public Health,,,,,,,Adjunct Professor,,,,,,,,,,,,,,,,,,
,Denise Gastaldo,Denise,Gastaldo,,,,,,,CA-ON-001,University of Toronto,Dalla Lana School of Public Health,,,,,,,Associate Professor,,,,,,,,,,,,,,,,,,
,Erjia Ge,Erjia,Ge,,,,,,,CA-ON-001,University of Toronto,Dalla Lana School of Public Health,,,,,,,Associate Professor,,,,,,,,,,,,,,,,,,
,Dionne Gesink,Dionne,Gesink,,,,,,,CA-ON-001,University of Toronto,Dalla Lana School of Public Health,,,,,,,Professor,,,,,,,,,,,,,,,,,,
,Rebecca Gewurtz,Rebecca,Gewurtz,,,,,,,CA-ON-001,University of Toronto,Dalla Lana School of Public Health,,,,,,,Associate Professor,,,,,,,,,,,,,,,,,,
,Abbas Ghavam-​Rassoul,Abbas,Ghavam-​Rassoul,,,,,,,CA-ON-001,University of Toronto,Dalla Lana School of Public Health,,,,,,,Assistant Professor,,,,,,,,,,,,,,,,,,
,Vasily Giannakeas,Vasily,Giannakeas,,,,,,,CA-ON-001,University of Toronto,Dalla Lana School of Public Health,,,,,,,Assistant Professor,,,,,,,,,,,,,,,,,,
,Brian Gibson,Brian,Gibson,,,,,,,CA-ON-001,University of Toronto,Dalla Lana School of Public Health,,,,,,,Adjunct Professor,,,,,,,,,,,,,,,,,,
,Jennifer Gibson,Jennifer,Gibson,,,,,,,CA-ON-001,University of Toronto,Dalla Lana School of Public Health,,,,,,,Associate Professor,,,,,,,,,,,,,,,,,,
,Norman Giesbrecht,Norman,Giesbrecht,,,,,,,CA-ON-001,University of Toronto,Dalla Lana School of Public Health,,,,,,,Adjunct Professor,,,,,,,,,,,,,,,,,,
,Monique AM Gignac,Monique,Gignac,AM,,,,,,CA-ON-001,University of Toronto,Dalla Lana School of Public Health,,,,,,,Professor,,,,,,,,,,,,,,,,,,
,Julie Gilbert,Julie,Gilbert,,,,,,,CA-ON-001,University of Toronto,Dalla Lana School of Public Health,,,,,,,Adjunct Lecturer,,,,,,,,,,,,,,,,,,
,Julia Gill,Julia,Gill,,,,,,,CA-ON-001,University of Toronto,Dalla Lana School of Public Health,,,,,,,Adjunct Lecturer,,,,,,,,,,,,,,,,,,
,Thomas P Gilson,Thomas,Gilson,P,,,,,,CA-ON-001,University of Toronto,Dalla Lana School of Public Health,,,,,,,Assistant Professor,,,,,,,,,,,,,,,,,,
,Brenda Gladstone,Brenda,Gladstone,,,,,,,CA-ON-001,University of Toronto,Dalla Lana School of Public Health,,,,,,,Associate Professor,,,,,,,,,,,,,,,,,,
,Richard H Glazier,Richard,Glazier,H,,,,,,CA-ON-001,University of Toronto,Dalla Lana School of Public Health,,,,,,,Professor,,,,,,,,,,,,,,,,,,
,Susan Glover Takahashi,Susan,Glover Takahashi,,,,,,,CA-ON-001,University of Toronto,Dalla Lana School of Public Health,,,,,,,Adjunct Lecturer,,,,,,,,,,,,,,,,,,
,Vivek Goel,Vivek,Goel,,,,,,,CA-ON-001,University of Toronto,Dalla Lana School of Public Health,,,,,,,Professor Emeritus,,,,,,,,,,,,,,,,,,
,Daniel Goodley,Daniel,Goodley,,,,,,,CA-ON-001,University of Toronto,Dalla Lana School of Public Health,,,,,,,Professor,,,,,,,,,,,,,,,,,,
,Michael Goodstadt,Michael,Goodstadt,,,,,,,CA-ON-001,University of Toronto,Dalla Lana School of Public Health,,,,,,,Adjunct Professor,,,,,,,,,,,,,,,,,,
,Charna Gord,Charna,Gord,,,,,,,CA-ON-001,University of Toronto,Dalla Lana School of Public Health,,,,,,,Adjunct Lecturer,,,,,,,,,,,,,,,,,,
,Richard Gould,Richard,Gould,,,,,,,CA-ON-001,University of Toronto,Dalla Lana School of Public Health,,,,,,,Adjunct Professor,,,,,,,,,,,,,,,,,,
,Effie Gournis,Effie,Gournis,,,,,,,CA-ON-001,University of Toronto,Dalla Lana School of Public Health,,,,,,,Adjunct Professor,,,,,,,,,,,,,,,,,,
,Stephanie Gower,Stephanie,Gower,,,,,,,CA-ON-001,University of Toronto,Dalla Lana School of Public Health,,,,,,,Adjunct Lecturer,,,,,,,,,,,,,,,,,,
,Daniel Grace,Daniel,Grace,,,,,,,CA-ON-001,University of Toronto,Dalla Lana School of Public Health,,,,,,,Professor,,,,,,,,,,,,,,,,,,
,Eva Graham,Eva,Graham,,,,,,,CA-ON-001,University of Toronto,Dalla Lana School of Public Health,,,,,,,Adjunct Lecturer,,,,,,,,,,,,,,,,,,
,Kathryn Graham,Kathryn,Graham,,,,,,,CA-ON-001,University of Toronto,Dalla Lana School of Public Health,,,,,,,Adjunct Professor,,,,,,,,,,,,,,,,,,
,Melissa Graham,Melissa,Graham,,,,,,,CA-ON-001,University of Toronto,Dalla Lana School of Public Health,,,,,,,Assistant Professor,,,,,,,,,,,,,,,,,,
,Sonia M Grandi,Sonia,Grandi,M,,,,,,CA-ON-001,University of Toronto,Dalla Lana School of Public Health,,,,,,,Assistant Professor,,,,,,,,,,,,,,,,,,
,Sue Greco,Sue,Greco,,,,,,,CA-ON-001,University of Toronto,Dalla Lana School of Public Health,,,,,,,Adjunct Professor,,,,,,,,,,,,,,,,,,
,Samantha Green,Samantha,Green,,,,,,,CA-ON-001,University of Toronto,Dalla Lana School of Public Health,,,,,,,Assistant Professor,,,,,,,,,,,,,,,,,,
,Amy Greer,Amy,Greer,,,,,,,CA-ON-001,University of Toronto,Dalla Lana School of Public Health,,,,,,,Associate Professor,,,,,,,,,,,,,,,,,,
,Ramandip Grewal,Ramandip,Grewal,,,,,,,CA-ON-001,University of Toronto,Dalla Lana School of Public Health,,,,,,,N/A,,,,,,,,,,,,,,,,,,
,Jed Adam Gross,Jed,Gross,Adam,,,,,,CA-ON-001,University of Toronto,Dalla Lana School of Public Health,,,,,,,Assistant Professor,,,,,,,,,,,,,,,,,,
,Eva Grunfeld,Eva,Grunfeld,,,,,,,CA-ON-001,University of Toronto,Dalla Lana School of Public Health,,,,,,,Professor Emerita,,,,,,,,,,,,,,,,,,
,Alind Gupta,Alind,Gupta,,,,,,,CA-ON-001,University of Toronto,Dalla Lana School of Public Health,,,,,,,Adjunct Lecturer,,,,,,,,,,,,,,,,,,
,Neeru Gupta,Neeru,Gupta,,,,,,,CA-ON-001,University of Toronto,Dalla Lana School of Public Health,,,,,,,Professor,,,,,,,,,,,,,,,,,,
,Adrian Guta,Adrian,Guta,,,,,,,CA-ON-001,University of Toronto,Dalla Lana School of Public Health,,,,,,,Associate Professor,,,,,,,,,,,,,,,,,,
,Astrid Guttmann,Astrid,Guttmann,,,,,,,CA-ON-001,University of Toronto,Dalla Lana School of Public Health,,,,,,,Professor,,,,,,,,,,,,,,,,,,
,Natalie Hamara,Natalie,Hamara,,,,,,,CA-ON-001,University of Toronto,Dalla Lana School of Public Health,,,,,,,Adjunct Lecturer,,,,,,,,,,,,,,,,,,
,Yani Hamdani,Yani,Hamdani,,,,,,,CA-ON-001,University of Toronto,Dalla Lana School of Public Health,,,,,,,Assistant Professor,,,,,,,,,,,,,,,,,,
,Jemila Hamid,Jemila,Hamid,,,,,,,CA-ON-001,University of Toronto,Dalla Lana School of Public Health,,,,,,,Assistant Professor,,,,,,,,,,,,,,,,,,
,Hayley Hamilton,Hayley,Hamilton,,,,,,,CA-ON-001,University of Toronto,Dalla Lana School of Public Health,,,,,,,Associate Professor,,,,,,,,,,,,,,,,,,
,Curtis Handford,Curtis,Handford,,,,,,,CA-ON-001,University of Toronto,Dalla Lana School of Public Health,,,,,,,Associate Professor,,,,,,,,,,,,,,,,,,
,Anthony Hanley,Anthony,Hanley,,,,,,,CA-ON-001,University of Toronto,Dalla Lana School of Public Health,,,,,,,Professor,,,,,,,,,,,,,,,,,,
,Billie-​Jo Hardy,Billie-​Jo,Hardy,,,,,,,CA-ON-001,University of Toronto,Dalla Lana School of Public Health,,,,,,,Assistant Professor,,,,,,,,,,,,,,,,,,
,Anne Harris,Anne,Harris,,,,,,,CA-ON-001,University of Toronto,Dalla Lana School of Public Health,,,,,,,Associate Professor,,,,,,,,,,,,,,,,,,
,Shelley A Harris,Shelley,Harris,A,,,,,,CA-ON-001,University of Toronto,Dalla Lana School of Public Health,,,,,,,Adjunct Professor,,,,,,,,,,,,,,,,,,
,Trevor Hart,Trevor,Hart,,,,,,,CA-ON-001,University of Toronto,Dalla Lana School of Public Health,,,,,,,Professor,,,,,,,,,,,,,,,,,,
,Bart Harvey,Bart,Harvey,,,,,,,CA-ON-001,University of Toronto,Dalla Lana School of Public Health,,,,,,,Adjunct Professor,,,,,,,,,,,,,,,,,,
,Monica Hau,Monica,Hau,,,,,,,CA-ON-001,University of Toronto,Dalla Lana School of Public Health,,,,,,,Adjunct Lecturer,,,,,,,,,,,,,,,,,,
,Anna Heath,Anna,Heath,,,,,,,CA-ON-001,University of Toronto,Dalla Lana School of Public Health,,,,,,,Associate Professor,,,,,,,,,,,,,,,,,,
,Ann Heesters,Ann,Heesters,,,,,,,CA-ON-001,University of Toronto,Dalla Lana School of Public Health,,,,,,,Assistant Professor,,,,,,,,,,,,,,,,,,
,Blair Henry,Blair,Henry,,,,,,,CA-ON-001,University of Toronto,Dalla Lana School of Public Health,,,,,,,Assistant Professor,,,,,,,,,,,,,,,,,,
,David Henry,David,Henry,,,,,,,CA-ON-001,University of Toronto,Dalla Lana School of Public Health,,,,,,,Professor Emeritus,,,,,,,,,,,,,,,,,,
,Vincent Hildebrand,Vincent,Hildebrand,,,,,,,CA-ON-001,University of Toronto,Dalla Lana School of Public Health,,,,,,,Associate Professor,,,,,,,,,,,,,,,,,,
,N. Zoe Hilton,N.,Hilton,Zoe,,,,,,CA-ON-001,University of Toronto,Dalla Lana School of Public Health,,,,,,,Professor,,,,,,,,,,,,,,,,,,
,Cesar Hincapié,Cesar,Hincapié,,,,,,,CA-ON-001,University of Toronto,Dalla Lana School of Public Health,,,,,,,Assistant Professor,,,,,,,,,,,,,,,,,,
,Linda Hiraki,Linda,Hiraki,,,,,,,CA-ON-001,University of Toronto,Dalla Lana School of Public Health,,,,,,,Associate Professor,,,,,,,,,,,,,,,,,,
,Sander Hitzig,Sander,Hitzig,,,,,,,CA-ON-001,University of Toronto,Dalla Lana School of Public Health,,,,,,,Associate Professor,,,,,,,,,,,,,,,,,,
,Erin Hobin,Erin,Hobin,,,,,,,CA-ON-001,University of Toronto,Dalla Lana School of Public Health,,,,,,,Assistant Professor,,,,,,,,,,,,,,,,,,
,Candice Holmes,Candice,Holmes,,,,,,,CA-ON-001,University of Toronto,Dalla Lana School of Public Health,,,,,,,Assistant Professor,,,,,,,,,,,,,,,,,,
,Dorothy Linn Holness,Dorothy,Holness,Linn,,,,,,CA-ON-001,University of Toronto,Dalla Lana School of Public Health,,,,,,,Professor Emerita,,,,,,,,,,,,,,,,,,
,Eric J Holowaty,Eric,Holowaty,J,,,,,,CA-ON-001,University of Toronto,Dalla Lana School of Public Health,,,,,,,Adjunct Professor,,,,,,,,,,,,,,,,,,
,Jessica Hopkins,Jessica,Hopkins,,,,,,,CA-ON-001,University of Toronto,Dalla Lana School of Public Health,,,,,,,Assistant Professor,,,,,,,,,,,,,,,,,,
,Roland Hosein,Roland,Hosein,,,,,,,CA-ON-001,University of Toronto,Dalla Lana School of Public Health,,,,,,,Adjunct Professor,,,,,,,,,,,,,,,,,,
,Benita Hosseini,Benita,Hosseini,,,,,,,CA-ON-001,University of Toronto,Dalla Lana School of Public Health,,,,,,,Assistant Professor,,,,,,,,,,,,,,,,,,
,Ron House,Ron,House,,,,,,,CA-ON-001,University of Toronto,Dalla Lana School of Public Health,,,,,,,Associate Professor Emeritus,,,,,,,,,,,,,,,,,,
,Gayane Hovhannisyan,Gayane,Hovhannisyan,,,,,,,CA-ON-001,University of Toronto,Dalla Lana School of Public Health,,,,,,,Adjunct Lecturer,,,,,,,,,,,,,,,,,,
,John Hsieh,John,Hsieh,,,,,,,CA-ON-001,University of Toronto,Dalla Lana School of Public Health,,,,,,,Professor Emeritus,,,,,,,,,,,,,,,,,,
,Pingzhao Hu,Pingzhao,Hu,,,,,,,CA-ON-001,University of Toronto,Dalla Lana School of Public Health,,,,,,,Associate Professor,,,,,,,,,,,,,,,,,,
,Rayjean J Hung,Rayjean,Hung,J,,,,,,CA-ON-001,University of Toronto,Dalla Lana School of Public Health,,,,,,,Professor,,,,,,,,,,,,,,,,,,
,Cindy Hunt,Cindy,Hunt,,,,,,,CA-ON-001,University of Toronto,Dalla Lana School of Public Health,,,,,,,Assistant Professor,,,,,,,,,,,,,,,,,,
,Winston Husbands,Winston,Husbands,,,,,,,CA-ON-001,University of Toronto,Dalla Lana School of Public Health,,,,,,,Adjunct Professor,,,,,,,,,,,,,,,,,,
,Stephen Wesley Hwang,Stephen,Hwang,Wesley,,,,,,CA-ON-001,University of Toronto,Dalla Lana School of Public Health,,,,,,,Professor,,,,,,,,,,,,,,,,,,
,Ilene Hyman,Ilene,Hyman,,,,,,,CA-ON-001,University of Toronto,Dalla Lana School of Public Health,,,,,,,Adjunct Professor,,,,,,,,,,,,,,,,,,
,Francisco Ibáñez-​Carrasco,Francisco,Ibáñez-​Carrasco,,,,,,,CA-ON-001,University of Toronto,Dalla Lana School of Public Health,,,,,,,Assistant Professor,,,,,,,,,,,,,,,,,,
,Suzanne F Jackson,Suzanne,Jackson,F,,,,,,CA-ON-001,University of Toronto,Dalla Lana School of Public Health,,,,,,,Associate Professor Emerita,,,,,,,,,,,,,,,,,,
,Melanie Jeffrey,Melanie,Jeffrey,,,,,,,CA-ON-001,University of Toronto,Dalla Lana School of Public Health,,,,,,,Assistant Professor,,,,,,,,,,,,,,,,,,
,Arif Jetha,Arif,Jetha,,,,,,,CA-ON-001,University of Toronto,Dalla Lana School of Public Health,,,,,,,Associate Professor,,,,,,,,,,,,,,,,,,
,Prabhat Jha,Prabhat,Jha,,,,,,,CA-ON-001,University of Toronto,Dalla Lana School of Public Health,,,,,,,Professor,,,,,,,,,,,,,,,,,,
,Reuven Jhirad,Reuven,Jhirad,,,,,,,CA-ON-001,University of Toronto,Dalla Lana School of Public Health,,,,,,,Adjunct Professor,,,,,,,,,,,,,,,,,,
,Huan jiang,Huan,jiang,,,,,,,CA-ON-001,University of Toronto,Dalla Lana School of Public Health,,,,,,,Assistant Professor,,,,,,,,,,,,,,,,,,
,Yaping Jin,Yaping,Jin,,,,,,,CA-ON-001,University of Toronto,Dalla Lana School of Public Health,,,,,,,Associate Professor,,,,,,,,,,,,,,,,,,
,Ian Johnson,Ian,Johnson,,,,,,,CA-ON-001,University of Toronto,Dalla Lana School of Public Health,,,,,,,Associate Professor,,,,,,,,,,,,,,,,,,
,Jennie Johnstone,Jennie,Johnstone,,,,,,,CA-ON-001,University of Toronto,Dalla Lana School of Public Health,,,,,,,Assistant Professor,,,,,,,,,,,,,,,,,,
,Jennifer Michelle Jones,Jennifer,Jones,Michelle,,,,,,CA-ON-001,University of Toronto,Dalla Lana School of Public Health,,,,,,,Associate Professor,,,,,,,,,,,,,,,,,,
,Clara Juando-​Prats,Clara,Juando-​Prats,,,,,,,CA-ON-001,University of Toronto,Dalla Lana School of Public Health,,,,,,,Assistant Professor,,,,,,,,,,,,,,,,,,
,Conrad Kabali,Conrad,Kabali,,,,,,,CA-ON-001,University of Toronto,Dalla Lana School of Public Health,,,,,,,Adjunct Lecturer,,,,,,,,,,,,,,,,,,
,Karl Kabasele,Karl,Kabasele,,,,,,,CA-ON-001,University of Toronto,Dalla Lana School of Public Health,,,,,,,Assistant Professor,,,,,,,,,,,,,,,,,,
,Grazyna Kalabis,Grazyna,Kalabis,,,,,,,CA-ON-001,University of Toronto,Dalla Lana School of Public Health,,,,,,,Adjunct Professor,,,,,,,,,,,,,,,,,,
,Nanda Kishore Kannuri,Nanda,Kannuri,Kishore,,,,,,CA-ON-001,University of Toronto,Dalla Lana School of Public Health,,,,,,,Associate Professor,,,,,,,,,,,,,,,,,,
,Fareen Karachiwalla,Fareen,Karachiwalla,,,,,,,CA-ON-001,University of Toronto,Dalla Lana School of Public Health,,,,,,,Adjunct Lecturer,,,,,,,,,,,,,,,,,,
,Mohammad Karamouzian,Mohammad,Karamouzian,,,,,,,CA-ON-001,University of Toronto,Dalla Lana School of Public Health,,,,,,,Assistant Professor,,,,,,,,,,,,,,,,,,
,Merrijoy Kelner,Merrijoy,Kelner,,,,,,,CA-ON-001,University of Toronto,Dalla Lana School of Public Health,,,,,,,Professor Emerita,,,,,,,,,,,,,,,,,,
,Daniela J Kempkens,Daniela,Kempkens,J,,,,,,CA-ON-001,University of Toronto,Dalla Lana School of Public Health,,,,,,,Adjunct Lecturer,,,,,,,,,,,,,,,,,,
,Charles DG Keown-​Stoneman,Charles,Keown-​Stoneman,DG,Charlie,,,,,CA-ON-001,University of Toronto,Dalla Lana School of Public Health,,,,,,,Assistant Professor,,,,,,,,,,,,,,,,,,
,Kathleen Kerr,Kathleen,Kerr,,,,,,,CA-ON-001,University of Toronto,Dalla Lana School of Public Health,,,,,,,Lecturer,,,,,,,,,,,,,,,,,,
,Sareh Keshavarzi,Sareh,Keshavarzi,,,,,,,CA-ON-001,University of Toronto,Dalla Lana School of Public Health,,,,,,,Assistant Professor,,,,,,,,,,,,,,,,,,
,Maya Kesler,Maya,Kesler,,,,,,,CA-ON-001,University of Toronto,Dalla Lana School of Public Health,,,,,,,Assistant Professor,,,,,,,,,,,,,,,,,,
,Mohammad Kaviul Khan,Mohammad,Khan,Kaviul,,,,,,CA-ON-001,University of Toronto,Dalla Lana School of Public Health,,,,,,,Adjunct Lecturer,,,,,,,,,,,,,,,,,,
,Yasmin Khan,Yasmin,Khan,,,,,,,CA-ON-001,University of Toronto,Dalla Lana School of Public Health,,,,,,,Associate Professor,,,,,,,,,,,,,,,,,,
,Akwatu Khenti,Akwatu,Khenti,,,,,,,CA-ON-001,University of Toronto,Dalla Lana School of Public Health,,,,,,,Associate Professor,,,,,,,,,,,,,,,,,,
,Ilona Kickbusch,Ilona,Kickbusch,,,,,,,CA-ON-001,University of Toronto,Dalla Lana School of Public Health,,,,,,,Associate Professor,,,,,,,,,,,,,,,,,,
,Michael Kidd,Michael,Kidd,,,,,,,CA-ON-001,University of Toronto,Dalla Lana School of Public Health,,,,,,,Professor,,,,,,,,,,,,,,,,,,
,Jin Hee Kim,Jin,Kim,Hee,,,,,,CA-ON-001,University of Toronto,Dalla Lana School of Public Health,,,,,,,Assistant Professor,,,,,,,,,,,,,,,,,,
,Arlene Sharon King,Arlene,King,Sharon,,,,,,CA-ON-001,University of Toronto,Dalla Lana School of Public Health,,,,,,,Adjunct Professor,,,,,,,,,,,,,,,,,,
,Emily King,Emily,King,,,,,,,CA-ON-001,University of Toronto,Dalla Lana School of Public Health,,,,,,,Assistant Professor,,,,,,,,,,,,,,,,,,
,Tracy Kirkham,Tracy,Kirkham,,,,,,,CA-ON-001,University of Toronto,Dalla Lana School of Public Health,,,,,,,Assistant Professor,,,,,,,,,,,,,,,,,,
,Victoria Kirsh,Victoria,Kirsh,,,,,,,CA-ON-001,University of Toronto,Dalla Lana School of Public Health,,,,,,,Assistant Professor,,,,,,,,,,,,,,,,,,
,Maritt Kirst,Maritt,Kirst,,,,,,,CA-ON-001,University of Toronto,Dalla Lana School of Public Health,,,,,,,Assistant Professor,,,,,,,,,,,,,,,,,,
,Julia Alexandra Knight,Julia,Knight,Alexandra,,,,,,CA-ON-001,University of Toronto,Dalla Lana School of Public Health,,,,,,,Adjunct Professor,,,,,,,,,,,,,,,,,,
,Jillian Clare Kohler,Jillian,Kohler,Clare,,,,,,CA-ON-001,University of Toronto,Dalla Lana School of Public Health,,,,,,,Professor,,,,,,,,,,,,,,,,,,
,Ana Komparic,Ana,Komparic,,,,,,,CA-ON-001,University of Toronto,Dalla Lana School of Public Health,,,,,,,Assistant Professor,,,,,,,,,,,,,,,,,,
,Anna Kone,Anna,Kone,,,,,,,CA-ON-001,University of Toronto,Dalla Lana School of Public Health,,,,,,,Assistant Professor,,,,,,,,,,,,,,,,,,
,Jude Kong,Jude,Kong,,,,,,,CA-ON-001,University of Toronto,Dalla Lana School of Public Health,,,,,,,Assistant Professor,,,,,,,,,,,,,,,,,,
,Pia Kontos,Pia,Kontos,,,,,,,CA-ON-001,University of Toronto,Dalla Lana School of Public Health,,,,,,,Professor,,,,,,,,,,,,,,,,,,
,Agnieszka Kosny,Agnieszka,Kosny,,,,,,,CA-ON-001,University of Toronto,Dalla Lana School of Public Health,,,,,,,Assistant Professor,,,,,,,,,,,,,,,,,,
,Joanne Kotsopoulos,Joanne,Kotsopoulos,,,,,,,CA-ON-001,University of Toronto,Dalla Lana School of Public Health,,,,,,,Professor,,,,,,,,,,,,,,,,,,
,Catherine Kreatsoulas,Catherine,Kreatsoulas,,,,,,,CA-ON-001,University of Toronto,Dalla Lana School of Public Health,,,,,,,Assistant Professor,,,,,,,,,,,,,,,,,,
,Abigail Kroch,Abigail,Kroch,,,,,,,CA-ON-001,University of Toronto,Dalla Lana School of Public Health,,,,,,,Assistant Professor,,,,,,,,,,,,,,,,,,
,Paul Krueger,Paul,Krueger,,,,,,,CA-ON-001,University of Toronto,Dalla Lana School of Public Health,,,,,,,Associate Professor,,,,,,,,,,,,,,,,,,
,Ayelet Kuper,Ayelet,Kuper,,,,,,,CA-ON-001,University of Toronto,Dalla Lana School of Public Health,,,,,,,Professor,,,,,,,,,,,,,,,,,,
,Karim Kurji,Karim,Kurji,,,,,,,CA-ON-001,University of Toronto,Dalla Lana School of Public Health,,,,,,,Adjunct Lecturer,,,,,,,,,,,,,,,,,,
,Rafal Kustra,Rafal,Kustra,,,,,,,CA-ON-001,University of Toronto,Dalla Lana School of Public Health,,,,,,,Associate Professor,,,,,,,,,,,,,,,,,,
,Jeff Kwong,Jeff,Kwong,,,,,,,CA-ON-001,University of Toronto,Dalla Lana School of Public Health,,,,,,,Professor,,,,,,,,,,,,,,,,,,
,Robert Kyle,Robert,Kyle,,,,,,,CA-ON-001,University of Toronto,Dalla Lana School of Public Health,,,,,,,Adjunct Professor,,,,,,,,,,,,,,,,,,
,Lili Lai,Lili,Lai,,,,,,,CA-ON-001,University of Toronto,Dalla Lana School of Public Health,,,,,,,Associate Professor,,,,,,,,,,,,,,,,,,
,Jennifer Lake,Jennifer,Lake,,,,,,,CA-ON-001,University of Toronto,Dalla Lana School of Public Health,,,,,,,Assistant Professor,,,,,,,,,,,,,,,,,,
,Yasmin Lalani,Yasmin,Lalani,,,,,,,CA-ON-001,University of Toronto,Dalla Lana School of Public Health,,,,,,,Assistant Professor,,,,,,,,,,,,,,,,,,
,Kevin Lam,Kevin,Lam,,,,,,,CA-ON-001,University of Toronto,Dalla Lana School of Public Health,,,,,,,Adjunct Lecturer,,,,,,,,,,,,,,,,,,
,Megan Landes,Megan,Landes,,,,,,,CA-ON-001,University of Toronto,Dalla Lana School of Public Health,,,,,,,Associate Professor,,,,,,,,,,,,,,,,,,
,Victoria Landsman,Victoria,Landsman,,,,,,,CA-ON-001,University of Toronto,Dalla Lana School of Public Health,,,,,,,Assistant Professor,,,,,,,,,,,,,,,,,,
,Bradley Langford,Bradley,Langford,,,,,,,CA-ON-001,University of Toronto,Dalla Lana School of Public Health,,,,,,,Assistant Professor,,,,,,,,,,,,,,,,,,
,Dave Langlois,Dave,Langlois,,,,,,,CA-ON-001,University of Toronto,Dalla Lana School of Public Health,,,,,,,Assistant Professor,,,,,,,,,,,,,,,,,,
,Lincoln Lau,Lincoln,Lau,,,,,,,CA-ON-001,University of Toronto,Dalla Lana School of Public Health,,,,,,,Assistant Professor,,,,,,,,,,,,,,,,,,
,James Lavery,James,Lavery,,,,,,,CA-ON-001,University of Toronto,Dalla Lana School of Public Health,,,,,,,Professor,,,,,,,,,,,,,,,,,,
,Susan Law,Susan,Law,,,,,,,CA-ON-001,University of Toronto,Dalla Lana School of Public Health,,,,,,,Associate Professor,,,,,,,,,,,,,,,,,,
,Colin Q​T Lee,Colin,Lee,Q​T,,,,,,CA-ON-001,University of Toronto,Dalla Lana School of Public Health,,,,,,,Adjunct Professor,,,,,,,,,,,,,,,,,,
,Julia Lee,Julia,Lee,,,,,,,CA-ON-001,University of Toronto,Dalla Lana School of Public Health,,,,,,,Lecturer,,,,,,,,,,,,,,,,,,
,Nelson Lee,Nelson,Lee,,,,,,,CA-ON-001,University of Toronto,Dalla Lana School of Public Health,,,,,,,Professor,,,,,,,,,,,,,,,,,,
,Pamela Leece,Pamela,Leece,,,,,,,CA-ON-001,University of Toronto,Dalla Lana School of Public Health,,,,,,,Assistant Professor,,,,,,,,,,,,,,,,,,
,Trudo Lemmens,Trudo,Lemmens,,,,,,,CA-ON-001,University of Toronto,Dalla Lana School of Public Health,,,,,,,Professor,,,,,,,,,,,,,,,,,,
,Karen Leslie,Karen,Leslie,,,,,,,CA-ON-001,University of Toronto,Dalla Lana School of Public Health,,,,,,,Professor,,,,,,,,,,,,,,,,,,
,Fok-​Han Leung,Fok-​Han,Leung,,,,,,,CA-ON-001,University of Toronto,Dalla Lana School of Public Health,,,,,,,Associate Professor,,,,,,,,,,,,,,,,,,
,Marianne Levitsky,Marianne,Levitsky,,,,,,,CA-ON-001,University of Toronto,Dalla Lana School of Public Health,,,,,,,Adjunct Lecturer,,,,,,,,,,,,,,,,,,
,Lennon Li,Lennon,Li,,,,,,,CA-ON-001,University of Toronto,Dalla Lana School of Public Health,,,,,,,Adjunct Professor,,,,,,,,,,,,,,,,,,
,Xuan Li,Xuan,Li,,,,,,,CA-ON-001,University of Toronto,Dalla Lana School of Public Health,,,,,,,Assistant Professor,,,,,,,,,,,,,,,,,,
,Amy Liu,Amy,Liu,,,,,,,CA-ON-001,University of Toronto,Dalla Lana School of Public Health,,,,,,,Assistant Professor,,,,,,,,,,,,,,,,,,
,Geoffrey Liu,Geoffrey,Liu,,,,,,,CA-ON-001,University of Toronto,Dalla Lana School of Public Health,,,,,,,Professor,,,,,,,,,,,,,,,,,,
,Kuan Liu,Kuan,Liu,,,,,,,CA-ON-001,University of Toronto,Dalla Lana School of Public Health,,,,,,,Assistant Professor,,,,,,,,,,,,,,,,,,
,Christopher Lo,Christopher,Lo,,,,,,,CA-ON-001,University of Toronto,Dalla Lana School of Public Health,,,,,,,Associate Professor,,,,,,,,,,,,,,,,,,
,Aisha Lofters,Aisha,Lofters,,,,,,,CA-ON-001,University of Toronto,Dalla Lana School of Public Health,,,,,,,Associate Professor,,,,,,,,,,,,,,,,,,
,Lawrence C Loh,Lawrence,Loh,C,,,,,,CA-ON-001,University of Toronto,Dalla Lana School of Public Health,,,,,,,Adjunct Professor,,,,,,,,,,,,,,,,,,
,Jennifer Loo,Jennifer,Loo,,,,,,,CA-ON-001,University of Toronto,Dalla Lana School of Public Health,,,,,,,Adjunct Lecturer,,,,,,,,,,,,,,,,,,
,Wendy Lou,Wendy,Lou,,,,,,,CA-ON-001,University of Toronto,Dalla Lana School of Public Health,,,,,,,Professor,,,,,,,,,,,,,,,,,,
,Nikolija Lukich,Nikolija,Lukich,,,,,,,CA-ON-001,University of Toronto,Dalla Lana School of Public Health,,,,,,,Adjunct Lecturer,,,,,,,,,,,,,,,,,,
,Renee Felice Lyons,Renee,Lyons,Felice,,,,,,CA-ON-001,University of Toronto,Dalla Lana School of Public Health,,,,,,,Professor,,,,,,,,,,,,,,,,,,
,Clement Ma,Clement,Ma,,,,,,,CA-ON-001,University of Toronto,Dalla Lana School of Public Health,,,,,,,Assistant Professor,,,,,,,,,,,,,,,,,,
,Liane Macdonald,Liane,Macdonald,,,,,,,CA-ON-001,University of Toronto,Dalla Lana School of Public Health,,,,,,,Assistant Professor,,,,,,,,,,,,,,,,,,
,Ellen MacEachen,Ellen,MacEachen,,,,,,,CA-ON-001,University of Toronto,Dalla Lana School of Public Health,,,,,,,Associate Professor,,,,,,,,,,,,,,,,,,
,Derek MacFadden,Derek,MacFadden,,,,,,,CA-ON-001,University of Toronto,Dalla Lana School of Public Health,,,,,,,Assistant Professor,,,,,,,,,,,,,,,,,,
,Ann MacGillivray,Ann,MacGillivray,,,,,,,CA-ON-001,University of Toronto,Dalla Lana School of Public Health,,,,,,,Adjunct Lecturer,,,,,,,,,,,,,,,,,,
,Elaina MacIntyre,Elaina,MacIntyre,,,,,,,CA-ON-001,University of Toronto,Dalla Lana School of Public Health,,,,,,,Adjunct Professor,,,,,,,,,,,,,,,,,,
,Kinnon MacKinnon,Kinnon,MacKinnon,,,,,,,CA-ON-001,University of Toronto,Dalla Lana School of Public Health,,,,,,,Assistant Professor,,,,,,,,,,,,,,,,,,
,Heather MacNeill,Heather,MacNeill,,,,,,,CA-ON-001,University of Toronto,Dalla Lana School of Public Health,,,,,,,Associate Professor,,,,,,,,,,,,,,,,,,
,Rosanna Macri,Rosanna,Macri,,,,,,,CA-ON-001,University of Toronto,Dalla Lana School of Public Health,,,,,,,Lecturer,,,,,,,,,,,,,,,,,,
,Catherine L Mah,Catherine,Mah,L,,,,,,CA-ON-001,University of Toronto,Dalla Lana School of Public Health,,,,,,,Associate Professor,,,,,,,,,,,,,,,,,,
,Krista Mahoney,Krista,Mahoney,,,,,,,CA-ON-001,University of Toronto,Dalla Lana School of Public Health,,,,,,,Adjunct Lecturer,,,,,,,,,,,,,,,,,,
,Jordan Mak,Jordan,Mak,,,,,,,CA-ON-001,University of Toronto,Dalla Lana School of Public Health,,,,,,,Adjunct Lecturer,,,,,,,,,,,,,,,,,,
,Heather Manson,Heather,Manson,,,,,,,CA-ON-001,University of Toronto,Dalla Lana School of Public Health,,,,,,,Assistant Professor,,,,,,,,,,,,,,,,,,
,Katie Marchington,Katie,Marchington,,,,,,,CA-ON-001,University of Toronto,Dalla Lana School of Public Health,,,,,,,Assistant Professor,,,,,,,,,,,,,,,,,,
,Lynn Marshall,Lynn,Marshall,,,,,,,CA-ON-001,University of Toronto,Dalla Lana School of Public Health,,,,,,,Assistant Professor,,,,,,,,,,,,,,,,,,
,Alexandra Martiniuk,Alexandra,Martiniuk,,,,,,,CA-ON-001,University of Toronto,Dalla Lana School of Public Health,,,,,,,Adjunct Professor,,,,,,,,,,,,,,,,,,
,Stu Marvel,Stu,Marvel,,,,,,,CA-ON-001,University of Toronto,Dalla Lana School of Public Health,,,,,,,Adjunct Professor,,,,,,,,,,,,,,,,,,
,Angela Mashford-​Pringle,Angela,Mashford-​Pringle,,,,,,,CA-ON-001,University of Toronto,Dalla Lana School of Public Health,,,,,,,Associate Professor,,,,,,,,,,,,,,,,,,
,Robin Mason,Robin,Mason,,,,,,,CA-ON-001,University of Toronto,Dalla Lana School of Public Health,,,,,,,Assistant Professor,,,,,,,,,,,,,,,,,,
,Flora I Matheson,Flora,Matheson,I,,,,,,CA-ON-001,University of Toronto,Dalla Lana School of Public Health,,,,,,,Associate Professor,,,,,,,,,,,,,,,,,,
,Katerina Maximova,Katerina,Maximova,,,,,,,CA-ON-001,University of Toronto,Dalla Lana School of Public Health,,,,,,,Associate Professor,,,,,,,,,,,,,,,,,,
,Melissa McCradden,Melissa,McCradden,,,,,,,CA-ON-001,University of Toronto,Dalla Lana School of Public Health,,,,,,,Assistant Professor,,,,,,,,,,,,,,,,,,
,Maria McDonald,Maria,McDonald,,,,,,,CA-ON-001,University of Toronto,Dalla Lana School of Public Health,,,,,,,Adjunct Professor,,,,,,,,,,,,,,,,,,
,Peggy McDonough,Peggy,McDonough,,,,,,,CA-ON-001,University of Toronto,Dalla Lana School of Public Health,,,,,,,Professor Emerita,,,,,,,,,,,,,,,,,,
,Andrew McFadyen,Andrew,McFadyen,,,,,,,CA-ON-001,University of Toronto,Dalla Lana School of Public Health,,,,,,,Adjunct Lecturer,,,,,,,,,,,,,,,,,,
,Allison McGeer,Allison,McGeer,,,,,,,CA-ON-001,University of Toronto,Dalla Lana School of Public Health,,,,,,,Professor,,,,,,,,,,,,,,,,,,
,Michael McGillion,Michael,McGillion,,,,,,,CA-ON-001,University of Toronto,Dalla Lana School of Public Health,,,,,,,Associate Professor,,,,,,,,,,,,,,,,,,
,David McKeown,David,McKeown,,,,,,,CA-ON-001,University of Toronto,Dalla Lana School of Public Health,,,,,,,Adjunct Professor,,,,,,,,,,,,,,,,,,
,Martin McKneally,Martin,McKneally,,,,,,,CA-ON-001,University of Toronto,Dalla Lana School of Public Health,,,,,,,Professor Emeritus,,,,,,,,,,,,,,,,,,
,John R McLaughlin,John,McLaughlin,R,,,,,,CA-ON-001,University of Toronto,Dalla Lana School of Public Health,,,,,,,Professor Emeritus,,,,,,,,,,,,,,,,,,
,Amy McPherson,Amy,McPherson,,,,,,,CA-ON-001,University of Toronto,Dalla Lana School of Public Health,,,,,,,Associate Professor,,,,,,,,,,,,,,,,,,
,Elspeth McTavish,Elspeth,McTavish,,Pepi,,,,,CA-ON-001,University of Toronto,Dalla Lana School of Public Health,,,,,,,Adjunct Lecturer,,,,,,,,,,,,,,,,,,
,Gail McVey,Gail,McVey,,,,,,,CA-ON-001,University of Toronto,Dalla Lana School of Public Health,,,,,,,Associate Professor,,,,,,,,,,,,,,,,,,
,Hamidah Meghani,Hamidah,Meghani,,,,,,,CA-ON-001,University of Toronto,Dalla Lana School of Public Health,,,,,,,Adjunct Lecturer,,,,,,,,,,,,,,,,,,
,Mehvish Mehrani,Mehvish,Mehrani,,,,,,,CA-ON-001,University of Toronto,Dalla Lana School of Public Health,,,,,,,Adjunct Lecturer,,,,,,,,,,,,,,,,,,
,Firdosi Rustom Mehta,Firdosi,Mehta,Rustom,,,,,,CA-ON-001,University of Toronto,Dalla Lana School of Public Health,,,,,,,Adjunct Professor,,,,,,,,,,,,,,,,,,
,Cilia Mejia-​Lancheros,Cilia,Mejia-​Lancheros,,,,,,,CA-ON-001,University of Toronto,Dalla Lana School of Public Health,,,,,,,Assistant Professor,,,,,,,,,,,,,,,,,,
,Ali Merali,Ali,Merali,,,,,,,CA-ON-001,University of Toronto,Dalla Lana School of Public Health,,,,,,,Adjunct Professor,,,,,,,,,,,,,,,,,,
,Eric M Meslin,Eric,Meslin,M,,,,,,CA-ON-001,University of Toronto,Dalla Lana School of Public Health,,,,,,,Adjunct Professor,,,,,,,,,,,,,,,,,,
,Anthony B Miller,Anthony,Miller,B,,,,,,CA-ON-001,University of Toronto,Dalla Lana School of Public Health,,,,,,,Professor Emeritus,,,,,,,,,,,,,,,,,,
,Margaret Millson,Margaret,Millson,,Peggy,,,,,CA-ON-001,University of Toronto,Dalla Lana School of Public Health,,,,,,,Professor Emerita,,,,,,,,,,,,,,,,,,
,Simona SM Minotti,Simona,Minotti,SM,,,,,,CA-ON-001,University of Toronto,Dalla Lana School of Public Health,,,,,,,Assistant Professor,,,,,,,,,,,,,,,,,,
,Sharmistha Mishra,Sharmistha,Mishra,,,,,,,CA-ON-001,University of Toronto,Dalla Lana School of Public Health,,,,,,,Associate Professor,,,,,,,,,,,,,,,,,,
,Aya Mitani,Aya,Mitani,,,,,,,CA-ON-001,University of Toronto,Dalla Lana School of Public Health,,,,,,,Assistant Professor,,,,,,,,,,,,,,,,,,
,Nicholas Mitsakakis,Nicholas,Mitsakakis,,,,,,,CA-ON-001,University of Toronto,Dalla Lana School of Public Health,,,,,,,Assistant Professor,,,,,,,,,,,,,,,,,,
,Rahim Moineddin,Rahim,Moineddin,,,,,,,CA-ON-001,University of Toronto,Dalla Lana School of Public Health,,,,,,,Professor,,,,,,,,,,,,,,,,,,
,Tatyana Mollayeva,Tatyana,Mollayeva,,,,,,,CA-ON-001,University of Toronto,Dalla Lana School of Public Health,,,,,,,Professor,,,,,,,,,,,,,,,,,,
,Brent Moloughney,Brent,Moloughney,,,,,,,CA-ON-001,University of Toronto,Dalla Lana School of Public Health,,,,,,,Adjunct Professor,,,,,,,,,,,,,,,,,,
,Renée Monchalin,Renée,Monchalin,,,,,,,CA-ON-001,University of Toronto,Dalla Lana School of Public Health,,,,,,,Assistant Professor,,,,,,,,,,,,,,,,,,
,Michael Montess,Michael,Montess,,,,,,,CA-ON-001,University of Toronto,Dalla Lana School of Public Health,,,,,,,Assistant Professor,,,,,,,,,,,,,,,,,,
,Joel RK Moody,Joel,Moody,RK,,,,,,CA-ON-001,University of Toronto,Dalla Lana School of Public Health,,,,,,,Adjunct Professor,,,,,,,,,,,,,,,,,,
,Fiona Moola,Fiona,Moola,,,,,,,CA-ON-001,University of Toronto,Dalla Lana School of Public Health,,,,,,,Assistant Professor,,,,,,,,,,,,,,,,,,
,Dominique Morisano,Dominique,Morisano,,,,,,,CA-ON-001,University of Toronto,Dalla Lana School of Public Health,,,,,,,Adjunct Professor,,,,,,,,,,,,,,,,,,
,Shaun Morris,Shaun,Morris,,,,,,,CA-ON-001,University of Toronto,Dalla Lana School of Public Health,,,,,,,Associate Professor,,,,,,,,,,,,,,,,,,
,Ian Mosby,Ian,Mosby,,,,,,,CA-ON-001,University of Toronto,Dalla Lana School of Public Health,,,,,,,Adjunct Lecturer,,,,,,,,,,,,,,,,,,
,David L Mowat,David,Mowat,L,,,,,,CA-ON-001,University of Toronto,Dalla Lana School of Public Health,,,,,,,Adjunct Professor,,,,,,,,,,,,,,,,,,
,Kate Mulligan,Kate,Mulligan,,,,,,,CA-ON-001,University of Toronto,Dalla Lana School of Public Health,,,,,,,Associate Professor,,,,,,,,,,,,,,,,,,
,Carles Muntaner,Carles,Muntaner,,,,,,,CA-ON-001,University of Toronto,Dalla Lana School of Public Health,,,,,,,Professor,,,,,,,,,,,,,,,,,,
,Michelle Murti,Michelle,Murti,,,,,,,CA-ON-001,University of Toronto,Dalla Lana School of Public Health,,,,,,,Adjunct Professor,,,,,,,,,,,,,,,,,,
,Cameron Mustard,Cameron,Mustard,,,,,,,CA-ON-001,University of Toronto,Dalla Lana School of Public Health,,,,,,,Professor Emeritus,,,,,,,,,,,,,,,,,,
,Ted Myers,Ted,Myers,,,,,,,CA-ON-001,University of Toronto,Dalla Lana School of Public Health,,,,,,,Professor Emeritus,,,,,,,,,,,,,,,,,,
,Steven Narod,Steven,Narod,,,,,,,CA-ON-001,University of Toronto,Dalla Lana School of Public Health,,,,,,,Professor,,,,,,,,,,,,,,,,,,
,Miya Narushima,Miya,Narushima,,,,,,,CA-ON-001,University of Toronto,Dalla Lana School of Public Health,,,,,,,Associate Professor,,,,,,,,,,,,,,,,,,
,Christine Navarro,Christine,Navarro,,,,,,,CA-ON-001,University of Toronto,Dalla Lana School of Public Health,,,,,,,Assistant Professor,,,,,,,,,,,,,,,,,,
,Marla Nayer,Marla,Nayer,,,,,,,CA-ON-001,University of Toronto,Dalla Lana School of Public Health,,,,,,,Adjunct Lecturer,,,,,,,,,,,,,,,,,,
,Ayah Nayfeh,Ayah,Nayfeh,,,,,,,CA-ON-001,University of Toronto,Dalla Lana School of Public Health,,,,,,,Adjunct Lecturer,,,,,,,,,,,,,,,,,,
,Sume Ndumbe-​Eyoh,Sume,Ndumbe-​Eyoh,,,,,,,CA-ON-001,University of Toronto,Dalla Lana School of Public Health,,,,,,,Assistant Professor,,,,,,,,,,,,,,,,,,
,Radford M Neal,Radford,Neal,M,,,,,,CA-ON-001,University of Toronto,Dalla Lana School of Public Health,,,,,,,Professor Emeritus,,,,,,,,,,,,,,,,,,
,Michelle Nelson,Michelle,Nelson,,,,,,,CA-ON-001,University of Toronto,Dalla Lana School of Public Health,,,,,,,Assistant Professor,,,,,,,,,,,,,,,,,,
,Kataryna Nemethy,Kataryna,Nemethy,,,,,,,CA-ON-001,University of Toronto,Dalla Lana School of Public Health,,,,,,,Adjunct Lecturer,,,,,,,,,,,,,,,,,,
,Eric Ng,Eric,Ng,,,,,,,CA-ON-001,University of Toronto,Dalla Lana School of Public Health,,,,,,,"Assistant Professor, Teaching Stream",,,,,,,,,,,,,,,,,,
,Kathryn A Nichol,Kathryn,Nichol,A,,,,,,CA-ON-001,University of Toronto,Dalla Lana School of Public Health,,,,,,,Assistant Professor,,,,,,,,,,,,,,,,,,
,Rosane Nisenbaum,Rosane,Nisenbaum,,,,,,,CA-ON-001,University of Toronto,Dalla Lana School of Public Health,,,,,,,Assistant Professor,,,,,,,,,,,,,,,,,,
,Stephanie A Nixon,Stephanie,Nixon,A,,,,,,CA-ON-001,University of Toronto,Dalla Lana School of Public Health,,,,,,,Associate Professor,,,,,,,,,,,,,,,,,,
,Onyenyechukwu Nnorom,Onyenyechukwu,Nnorom,,,,,,,CA-ON-001,University of Toronto,Dalla Lana School of Public Health,,,,,,,Assistant Professor,,,,,,,,,,,,,,,,,,
,Cameron D Norman,Cameron,Norman,D,,,,,,CA-ON-001,University of Toronto,Dalla Lana School of Public Health,,,,,,,Adjunct Professor,,,,,,,,,,,,,,,,,,
,Todd Norwood,Todd,Norwood,,,,,,,CA-ON-001,University of Toronto,Dalla Lana School of Public Health,,,,,,,Assistant Professor,,,,,,,,,,,,,,,,,,
,Dr. Dominik Nowak,Dr.,Nowak,Dominik,,,,,,CA-ON-001,University of Toronto,Dalla Lana School of Public Health,,,,,,,Assistant Professor,,,,,,,,,,,,,,,,,,
,Nazik Nurelhuda Suleiman,Nazik,Nurelhuda Suleiman,,,,,,,CA-ON-001,University of Toronto,Dalla Lana School of Public Health,,,,,,,Associate Professor,,,,,,,,,,,,,,,,,,
,Mallory O’Brien,Mallory,O’Brien,,,,,,,CA-ON-001,University of Toronto,Dalla Lana School of Public Health,,,,,,,Associate Professor,,,,,,,,,,,,,,,,,,
,Patricia O’Brien,Patricia,O’Brien,,,,,,,CA-ON-001,University of Toronto,Dalla Lana School of Public Health,,,,,,,Adjunct Lecturer,,,,,,,,,,,,,,,,,,
,Patricia O’Campo,Patricia,O’Campo,,,,,,,CA-ON-001,University of Toronto,Dalla Lana School of Public Health,,,,,,,Professor,,,,,,,,,,,,,,,,,,
,Braden O’Neill,Braden,O’Neill,,,,,,,CA-ON-001,University of Toronto,Dalla Lana School of Public Health,,,,,,,Assistant Professor,,,,,,,,,,,,,,,,,,
,Ivy Oandasan,Ivy,Oandasan,,,,,,,CA-ON-001,University of Toronto,Dalla Lana School of Public Health,,,,,,,Professor,,,,,,,,,,,,,,,,,,
,Apondi Judith Odhiambo,Apondi,Odhiambo,Judith,,,,,,CA-ON-001,University of Toronto,Dalla Lana School of Public Health,,,,,,,Adjunct Lecturer,,,,,,,,,,,,,,,,,,
,Marianna Ofner,Marianna,Ofner,,,,,,,CA-ON-001,University of Toronto,Dalla Lana School of Public Health,,,,,,,Adjunct Professor,,,,,,,,,,,,,,,,,,
,Christine Oliver,Christine,Oliver,,,,,,,CA-ON-001,University of Toronto,Dalla Lana School of Public Health,,,,,,,Adjunct Professor,,,,,,,,,,,,,,,,,,
,Nancy Ondrusek,Nancy,Ondrusek,,,,,,,CA-ON-001,University of Toronto,Dalla Lana School of Public Health,,,,,,,Adjunct Professor,,,,,,,,,,,,,,,,,,
,James Orbinski,James,Orbinski,,,,,,,CA-ON-001,University of Toronto,Dalla Lana School of Public Health,,,,,,,Professor,,,,,,,,,,,,,,,,,,
,Christa Orchard,Christa,Orchard,,,,,,,CA-ON-001,University of Toronto,Dalla Lana School of Public Health,,,,,,,Adjunct Lecturer,,,,,,,,,,,,,,,,,,
,Aaron Orkin,Aaron,Orkin,,,,,,,CA-ON-001,University of Toronto,Dalla Lana School of Public Health,,,,,,,Associate Professor,,,,,,,,,,,,,,,,,,
,Michael Orsini,Michael,Orsini,,,,,,,CA-ON-001,University of Toronto,Dalla Lana School of Public Health,,,,,,,Professor,,,,,,,,,,,,,,,,,,
,Richard Osborn,Richard,Osborn,,,,,,,CA-ON-001,University of Toronto,Dalla Lana School of Public Health,,,,,,,Professor Emeritus,,,,,,,,,,,,,,,,,,
,Yongdong Ouyang,Yongdong,Ouyang,,,,,,,CA-ON-001,University of Toronto,Dalla Lana School of Public Health,,,,,,,Assistant Professor,,,,,,,,,,,,,,,,,,
,Shovita Padhi,Shovita,Padhi,,,,,,,CA-ON-001,University of Toronto,Dalla Lana School of Public Health,,,,,,,Adjunct Lecturer,,,,,,,,,,,,,,,,,,
,Barry Pakes,Barry,Pakes,,,,,,,CA-ON-001,University of Toronto,Dalla Lana School of Public Health,,,,,,,Assistant Professor,,,,,,,,,,,,,,,,,,
,Denise Paneduro,Denise,Paneduro,,,,,,,CA-ON-001,University of Toronto,Dalla Lana School of Public Health,,,,,,,Adjunct Professor,,,,,,,,,,,,,,,,,,
,Tony Panzarella,Tony,Panzarella,,,,,,,CA-ON-001,University of Toronto,Dalla Lana School of Public Health,,,,,,,Assistant Professor,,,,,,,,,,,,,,,,,,
,Pauline Pariser,Pauline,Pariser,,,,,,,CA-ON-001,University of Toronto,Dalla Lana School of Public Health,,,,,,,Professor,,,,,,,,,,,,,,,,,,
,Alyssa Parpia,Alyssa,Parpia,,,,,,,CA-ON-001,University of Toronto,Dalla Lana School of Public Health,,,,,,,Adjunct Lecturer,,,,,,,,,,,,,,,,,,
,Margie Parthimos,Margie,Parthimos,,,,,,,CA-ON-001,University of Toronto,Dalla Lana School of Public Health,,,,,,,Assistant Professor,,,,,,,,,,,,,,,,,,
,Harley Pasternak,Harley,Pasternak,,,,,,,CA-ON-001,University of Toronto,Dalla Lana School of Public Health,,,,,,,N/A,,,,,,,,,,,,,,,,,,
,George Pasut,George,Pasut,,,,,,,CA-ON-001,University of Toronto,Dalla Lana School of Public Health,,,,,,,Adjunct Professor,,,,,,,,,,,,,,,,,,
,Zeenat Patel,Zeenat,Patel,,,,,,,CA-ON-001,University of Toronto,Dalla Lana School of Public Health,,,,,,,Adjunct Lecturer,,,,,,,,,,,,,,,,,,
,Andrew Paterson,Andrew,Paterson,,,,,,,CA-ON-001,University of Toronto,Dalla Lana School of Public Health,,,,,,,Professor,,,,,,,,,,,,,,,,,,
,Jasmine Pawa,Jasmine,Pawa,,,,,,,CA-ON-001,University of Toronto,Dalla Lana School of Public Health,,,,,,,Adjunct Lecturer,,,,,,,,,,,,,,,,,,
,Nazia Peer,Nazia,Peer,,,,,,,CA-ON-001,University of Toronto,Dalla Lana School of Public Health,,,,,,,Adjunct Professor,,,,,,,,,,,,,,,,,,
,Judith Peranson,Judith,Peranson,,,,,,,CA-ON-001,University of Toronto,Dalla Lana School of Public Health,,,,,,,Assistant Professor,,,,,,,,,,,,,,,,,,
,Amaya Perez-​Brumer,Amaya,Perez-​Brumer,,,,,,,CA-ON-001,University of Toronto,Dalla Lana School of Public Health,,,,,,,Associate Professor,,,,,,,,,,,,,,,,,,
,Brielle Perl,Brielle,Perl,,,,,,,CA-ON-001,University of Toronto,Dalla Lana School of Public Health,,,,,,,N/A,,,,,,,,,,,,,,,,,,
,Michelle Phoenix,Michelle,Phoenix,,,,,,,CA-ON-001,University of Toronto,Dalla Lana School of Public Health,,,,,,,Associate Professor,,,,,,,,,,,,,,,,,,
,Michelle Phoenix,Michelle,Phoenix,,,,,,,CA-ON-001,University of Toronto,Dalla Lana School of Public Health,,,,,,,N/A,,,,,,,,,,,,,,,,,,
,Andrew Pinto,Andrew,Pinto,,,,,,,CA-ON-001,University of Toronto,Dalla Lana School of Public Health,,,,,,,Associate Professor,,,,,,,,,,,,,,,,,,
,Blake Poland,Blake,Poland,,,,,,,CA-ON-001,University of Toronto,Dalla Lana School of Public Health,,,,,,,Associate Professor,,,,,,,,,,,,,,,,,,
,Jason D Pole,Jason,Pole,D,,,,,,CA-ON-001,University of Toronto,Dalla Lana School of Public Health,,,,,,,Associate Professor,,,,,,,,,,,,,,,,,,
,David Edward-​Ooi Poon,David,Poon,Edward-​Ooi,,,,,,CA-ON-001,University of Toronto,Dalla Lana School of Public Health,,,,,,,Adjunct Lecturer,,,,,,,,,,,,,,,,,,
,Svetlana Popova,Svetlana,Popova,,Lana,,,,,CA-ON-001,University of Toronto,Dalla Lana School of Public Health,,,,,,,Professor,,,,,,,,,,,,,,,,,,
,Melanie Poulin-​Costello,Melanie,Poulin-​Costello,,,,,,,CA-ON-001,University of Toronto,Dalla Lana School of Public Health,,,,,,,Adjunct Lecturer,,,,,,,,,,,,,,,,,,
,Cheryl Pritlove,Cheryl,Pritlove,,,,,,,CA-ON-001,University of Toronto,Dalla Lana School of Public Health,,,,,,,Assistant Professor,,,,,,,,,,,,,,,,,,
,Rachel Prowse,Rachel,Prowse,,,,,,,CA-ON-001,University of Toronto,Dalla Lana School of Public Health,,,,,,,Assistant Professor,,,,,,,,,,,,,,,,,,
,Eleanor Pullenayegum,Eleanor,Pullenayegum,,,,,,,CA-ON-001,University of Toronto,Dalla Lana School of Public Health,,,,,,,Professor,,,,,,,,,,,,,,,,,,
,James Purdham,James,Purdham,,,,,,,CA-ON-001,University of Toronto,Dalla Lana School of Public Health,,,,,,,Associate Professor Emeritus,,,,,,,,,,,,,,,,,,
,Meaghen Quinlan-​Davidson,Meaghen,Quinlan-​Davidson,,,,,,,CA-ON-001,University of Toronto,Dalla Lana School of Public Health,,,,,,,Assistant Professor,,,,,,,,,,,,,,,,,,
,Carlos Quiñonez,Carlos,Quiñonez,,,,,,,CA-ON-001,University of Toronto,Dalla Lana School of Public Health,,,,,,,Associate Professor,,,,,,,,,,,,,,,,,,
,Linda Rabeneck,Linda,Rabeneck,,,,,,,CA-ON-001,University of Toronto,Dalla Lana School of Public Health,,,,,,,Professor,,,,,,,,,,,,,,,,,,
,Janet Raboud,Janet,Raboud,,,,,,,CA-ON-001,University of Toronto,Dalla Lana School of Public Health,,,,,,,Adjunct Professor,,,,,,,,,,,,,,,,,,
,Beth Rachlis,Beth,Rachlis,,,,,,,CA-ON-001,University of Toronto,Dalla Lana School of Public Health,,,,,,,Assistant Professor,,,,,,,,,,,,,,,,,,
,Michael Rachlis,Michael,Rachlis,,,,,,,CA-ON-001,University of Toronto,Dalla Lana School of Public Health,,,,,,,Adjunct Professor,,,,,,,,,,,,,,,,,,
,Sally Radisic,Sally,Radisic,,,,,,,CA-ON-001,University of Toronto,Dalla Lana School of Public Health,,,,,,,Adjunct Professor,,,,,,,,,,,,,,,,,,
,Nikhil Rajaram,Nikhil,Rajaram,,,,,,,CA-ON-001,University of Toronto,Dalla Lana School of Public Health,,,,,,,Adjunct Professor,,,,,,,,,,,,,,,,,,
,James GD Rankin,James,Rankin,GD,,,,,,CA-ON-001,University of Toronto,Dalla Lana School of Public Health,,,,,,,Professor Emeritus,,,,,,,,,,,,,,,,,,
,Savithiri Ratnapalan,Savithiri,Ratnapalan,,,,,,,CA-ON-001,University of Toronto,Dalla Lana School of Public Health,,,,,,,Professor,,,,,,,,,,,,,,,,,,
,Elizabeth Rea,Elizabeth,Rea,,,,,,,CA-ON-001,University of Toronto,Dalla Lana School of Public Health,,,,,,,Adjunct Professor,,,,,,,,,,,,,,,,,,
,Frances Recknor,Frances,Recknor,,,,,,,CA-ON-001,University of Toronto,Dalla Lana School of Public Health,,,,,,,Adjunct Lecturer,,,,,,,,,,,,,,,,,,
,Vanessa Redditt,Vanessa,Redditt,,,,,,,CA-ON-001,University of Toronto,Dalla Lana School of Public Health,,,,,,,Lecturer,,,,,,,,,,,,,,,,,,
,Kevin Reel,Kevin,Reel,,,,,,,CA-ON-001,University of Toronto,Dalla Lana School of Public Health,,,,,,,Assistant Professor,,,,,,,,,,,,,,,,,,
,Rebecca Renwick,Rebecca,Renwick,,,,,,,CA-ON-001,University of Toronto,Dalla Lana School of Public Health,,,,,,,Professor,,,,,,,,,,,,,,,,,,
,Donna L Reynolds,Donna,Reynolds,L,,,,,,CA-ON-001,University of Toronto,Dalla Lana School of Public Health,,,,,,,Assistant Professor,,,,,,,,,,,,,,,,,,
,Jeremy Rezmovitz,Jeremy,Rezmovitz,,,,,,,CA-ON-001,University of Toronto,Dalla Lana School of Public Health,,,,,,,Assistant Professor,,,,,,,,,,,,,,,,,,
,Carla Rice,Carla,Rice,,,,,,,CA-ON-001,University of Toronto,Dalla Lana School of Public Health,,,,,,,Professor,,,,,,,,,,,,,,,,,,
,Denyse Richardson,Denyse,Richardson,,,,,,,CA-ON-001,University of Toronto,Dalla Lana School of Public Health,,,,,,,Associate Professor,,,,,,,,,,,,,,,,,,
,Sarah A Richmond,Sarah,Richmond,A,,,,,,CA-ON-001,University of Toronto,Dalla Lana School of Public Health,,,,,,,Adjunct Professor,,,,,,,,,,,,,,,,,,
,Maria Ricupero,Maria,Ricupero,,,,,,,CA-ON-001,University of Toronto,Dalla Lana School of Public Health,,,,,,,Assistant Professor,,,,,,,,,,,,,,,,,,
,Peter Riggin,Peter,Riggin,,,,,,,CA-ON-001,University of Toronto,Dalla Lana School of Public Health,,,,,,,Adjunct Lecturer,,,,,,,,,,,,,,,,,,
,Julian Robbins,Julian,Robbins,,,,,,,CA-ON-001,University of Toronto,Dalla Lana School of Public Health,,,,,,,Adjunct Lecturer,,,,,,,,,,,,,,,,,,
,Ann Robertson,Ann,Robertson,,,,,,,CA-ON-001,University of Toronto,Dalla Lana School of Public Health,,,,,,,Professor Emerita,,,,,,,,,,,,,,,,,,
,Jamie Robertson,Jamie,Robertson,,,,,,,CA-ON-001,University of Toronto,Dalla Lana School of Public Health,,,,,,,Assistant Professor,,,,,,,,,,,,,,,,,,
,Cecilia Rocha,Cecilia,Rocha,,,,,,,CA-ON-001,University of Toronto,Dalla Lana School of Public Health,,,,,,,Associate Professor,,,,,,,,,,,,,,,,,,
,Paula Rochon,Paula,Rochon,,,,,,,CA-ON-001,University of Toronto,Dalla Lana School of Public Health,,,,,,,Professor,,,,,,,,,,,,,,,,,,
,Gary Rodin,Gary,Rodin,,,,,,,CA-ON-001,University of Toronto,Dalla Lana School of Public Health,,,,,,,Professor,,,,,,,,,,,,,,,,,,
,Kevin Rodrigues,Kevin,Rodrigues,,,,,,,CA-ON-001,University of Toronto,Dalla Lana School of Public Health,,,,,,,Adjunct Lecturer,,,,,,,,,,,,,,,,,,
,Michael Roerecke,Michael,Roerecke,,,,,,,CA-ON-001,University of Toronto,Dalla Lana School of Public Health,,,,,,,Assistant Professor,,,,,,,,,,,,,,,,,,
,Sophie Roher,Sophie,Roher,,,,,,,CA-ON-001,University of Toronto,Dalla Lana School of Public Health,,,,,,,Assistant Professor,,,,,,,,,,,,,,,,,,
,Imara Ajani Rolston,Imara,Rolston,Ajani,,,,,,CA-ON-001,University of Toronto,Dalla Lana School of Public Health,,,,,,,Assistant Professor,,,,,,,,,,,,,,,,,,
,Laura C Rosella,Laura,Rosella,C,,,,,,CA-ON-001,University of Toronto,Dalla Lana School of Public Health,,,,,,,Professor,,,,,,,,,,,,,,,,,,
,Lori E Ross,Lori,Ross,E,,,,,,CA-ON-001,University of Toronto,Dalla Lana School of Public Health,,,,,,,Associate Professor,,,,,,,,,,,,,,,,,,
,Daniel Roth,Daniel,Roth,,,,,,,CA-ON-001,University of Toronto,Dalla Lana School of Public Health,,,,,,,Associate Professor,,,,,,,,,,,,,,,,,,
,Linda Rothman,Linda,Rothman,,,,,,,CA-ON-001,University of Toronto,Dalla Lana School of Public Health,,,,,,,Associate Professor,,,,,,,,,,,,,,,,,,
,Katherine Rouleau,Katherine,Rouleau,,,,,,,CA-ON-001,University of Toronto,Dalla Lana School of Public Health,,,,,,,Associate Professor,,,,,,,,,,,,,,,,,,
,I.D. Rusen,I.D.,Rusen,,,,,,,CA-ON-001,University of Toronto,Dalla Lana School of Public Health,,,,,,,Adjunct Professor,,,,,,,,,,,,,,,,,,
,Brian Rush,Brian,Rush,,,,,,,CA-ON-001,University of Toronto,Dalla Lana School of Public Health,,,,,,,Professor,,,,,,,,,,,,,,,,,,
,Christopher James Rutty,Christopher,Rutty,James,,,,,,CA-ON-001,University of Toronto,Dalla Lana School of Public Health,,,,,,,Adjunct Professor,,,,,,,,,,,,,,,,,,
,Olli Saarela,Olli,Saarela,,,,,,,CA-ON-001,University of Toronto,Dalla Lana School of Public Health,,,,,,,Associate Professor,,,,,,,,,,,,,,,,,,
,Joan Saary,Joan,Saary,,,,,,,CA-ON-001,University of Toronto,Dalla Lana School of Public Health,,,,,,,Associate Professor,,,,,,,,,,,,,,,,,,
,Herveen Sachdeva,Herveen,Sachdeva,,,,,,,CA-ON-001,University of Toronto,Dalla Lana School of Public Health,,,,,,,Adjunct Lecturer,,,,,,,,,,,,,,,,,,
,Isaac Sakinofsky,Isaac,Sakinofsky,,,,,,,CA-ON-001,University of Toronto,Dalla Lana School of Public Health,,,,,,,Professor Emeritus,,,,,,,,,,,,,,,,,,
,Folake Samuel,Folake,Samuel,,,,,,,CA-ON-001,University of Toronto,Dalla Lana School of Public Health,,,,,,,Professor,,,,,,,,,,,,,,,,,,
,Elizabeth F Sanders,Elizabeth,Sanders,F,,,,,,CA-ON-001,University of Toronto,Dalla Lana School of Public Health,,,,,,,Adjunct Lecturer,,,,,,,,,,,,,,,,,,
,Jaime Sapag,Jaime,Sapag,,,,,,,CA-ON-001,University of Toronto,Dalla Lana School of Public Health,,,,,,,Associate Professor,,,,,,,,,,,,,,,,,,
,Erdman Sarah,Erdman,Sarah,,,,,,,CA-ON-001,University of Toronto,Dalla Lana School of Public Health,,,,,,,Adjunct Lecturer,,,,,,,,,,,,,,,,,,
,Andrea Sass-​Kortsak,Andrea,Sass-​Kortsak,,,,,,,CA-ON-001,University of Toronto,Dalla Lana School of Public Health,,,,,,,Associate Professor Emerita,,,,,,,,,,,,,,,,,,
,Brian Schwartz,Brian,Schwartz,,,,,,,CA-ON-001,University of Toronto,Dalla Lana School of Public Health,,,,,,,Professor,,,,,,,,,,,,,,,,,,
,Kevin Schwartz,Kevin,Schwartz,,,,,,,CA-ON-001,University of Toronto,Dalla Lana School of Public Health,,,,,,,Assistant Professor,,,,,,,,,,,,,,,,,,
,Robert Mitchell Schwartz,Robert,Schwartz,Mitchell,,,,,,CA-ON-001,University of Toronto,Dalla Lana School of Public Health,,,,,,,Professor Emeritus,,,,,,,,,,,,,,,,,,
,Heather Katherine Scott-​Marshall,Heather,Scott-​Marshall,Katherine,,,,,,CA-ON-001,University of Toronto,Dalla Lana School of Public Health,,,,,,,Adjunct Professor,,,,,,,,,,,,,,,,,,
,Helen Scott,Helen,Scott,,,,,,,CA-ON-001,University of Toronto,Dalla Lana School of Public Health,,,,,,,Assistant Professor,,,,,,,,,,,,,,,,,,
,James A Scott,James,Scott,A,,,,,,CA-ON-001,University of Toronto,Dalla Lana School of Public Health,,,,,,,Professor,,,,,,,,,,,,,,,,,,
,Jeremy Alexander Scott,Jeremy,Scott,Alexander,,,,,,CA-ON-001,University of Toronto,Dalla Lana School of Public Health,,,,,,,Associate Professor,,,,,,,,,,,,,,,,,,
,Ervin Sejdić,Ervin,Sejdić,,,,,,,CA-ON-001,University of Toronto,Dalla Lana School of Public Health,,,,,,,Associate Professor,,,,,,,,,,,,,,,,,,
,Peter Selby,Peter,Selby,,,,,,,CA-ON-001,University of Toronto,Dalla Lana School of Public Health,,,,,,,Professor,,,,,,,,,,,,,,,,,,
,Daniel W Sellen,Daniel,Sellen,W,,,,,,CA-ON-001,University of Toronto,Dalla Lana School of Public Health,,,,,,,Professor,,,,,,,,,,,,,,,,,,
,Chandrakant P Shah,Chandrakant,Shah,P,,,,,,CA-ON-001,University of Toronto,Dalla Lana School of Public Health,,,,,,,Professor Emeritus,,,,,,,,,,,,,,,,,,
,Nirtal Shah,Nirtal,Shah,,,,,,,CA-ON-001,University of Toronto,Dalla Lana School of Public Health,,,,,,,Adjunct Lecturer,,,,,,,,,,,,,,,,,,
,Rita Shahin,Rita,Shahin,,,,,,,CA-ON-001,University of Toronto,Dalla Lana School of Public Health,,,,,,,Adjunct Professor,,,,,,,,,,,,,,,,,,
,Zahra Shakeri Hossein Abad,Zahra,Shakeri Hossein Abad,,,,,,,CA-ON-001,University of Toronto,Dalla Lana School of Public Health,,,,,,,Assistant Professor,,,,,,,,,,,,,,,,,,
,Rebecca Shalansky,Rebecca,Shalansky,,,,,,,CA-ON-001,University of Toronto,Dalla Lana School of Public Health,,,,,,,Adjunct Lecturer,,,,,,,,,,,,,,,,,,
,Harry Shannon,Harry,Shannon,,,,,,,CA-ON-001,University of Toronto,Dalla Lana School of Public Health,,,,,,,Adjunct Professor,,,,,,,,,,,,,,,,,,
,Gilla Shapiro,Gilla,Shapiro,,,,,,,CA-ON-001,University of Toronto,Dalla Lana School of Public Health,,,,,,,Assistant Professor,,,,,,,,,,,,,,,,,,
,Howard Shapiro,Howard,Shapiro,,,,,,,CA-ON-001,University of Toronto,Dalla Lana School of Public Health,,,,,,,Adjunct Professor,,,,,,,,,,,,,,,,,,
,Divya Sharma,Divya,Sharma,,,,,,,CA-ON-001,University of Toronto,Dalla Lana School of Public Health,,,,,,,Assistant Professor,,,,,,,,,,,,,,,,,,
,Jay Shaw,Jay,Shaw,,,,,,,CA-ON-001,University of Toronto,Dalla Lana School of Public Health,,,,,,,Assistant Professor,,,,,,,,,,,,,,,,,,
,Shixin Shen,Shixin,Shen,,Cindy,,,,,CA-ON-001,University of Toronto,Dalla Lana School of Public Health,,,,,,,Adjunct Lecturer,,,,,,,,,,,,,,,,,,
,Amanda J Sheppard,Amanda,Sheppard,J,,,,,,CA-ON-001,University of Toronto,Dalla Lana School of Public Health,,,,,,,Assistant Professor,,,,,,,,,,,,,,,,,,
,Konstantin Shestopaloff,Konstantin,Shestopaloff,,,,,,,CA-ON-001,University of Toronto,Dalla Lana School of Public Health,,,,,,,Adjunct Lecturer,,,,,,,,,,,,,,,,,,
,Kevin Shield,Kevin,Shield,,,,,,,CA-ON-001,University of Toronto,Dalla Lana School of Public Health,,,,,,,Associate Professor,,,,,,,,,,,,,,,,,,
,Paul Shuper,Paul,Shuper,,,,,,,CA-ON-001,University of Toronto,Dalla Lana School of Public Health,,,,,,,Associate Professor,,,,,,,,,,,,,,,,,,
,Gary Sibbald,Gary,Sibbald,,,,,,,CA-ON-001,University of Toronto,Dalla Lana School of Public Health,,,,,,,Professor,,,,,,,,,,,,,,,,,,
,Suzanne Sicchia,Suzanne,Sicchia,,,,,,,CA-ON-001,University of Toronto,Dalla Lana School of Public Health,,,,,,,"Associate Professor, Teaching Stream",,,,,,,,,,,,,,,,,,
,Arjumand Siddiqi,Arjumand,Siddiqi,,,,,,,CA-ON-001,University of Toronto,Dalla Lana School of Public Health,,,,,,,Professor,,,,,,,,,,,,,,,,,,
,Jeffrey Siegel,Jeffrey,Siegel,,,,,,,CA-ON-001,University of Toronto,Dalla Lana School of Public Health,,,,,,,Professor,,,,,,,,,,,,,,,,,,
,Michael Silverman,Michael,Silverman,,,,,,,CA-ON-001,University of Toronto,Dalla Lana School of Public Health,,,,,,,Assistant Professor,,,,,,,,,,,,,,,,,,
,Lisa Simon,Lisa,Simon,,,,,,,CA-ON-001,University of Toronto,Dalla Lana School of Public Health,,,,,,,Adjunct Lecturer,,,,,,,,,,,,,,,,,,
,Jerome Amir Singh,Jerome,Singh,Amir,,,,,,CA-ON-001,University of Toronto,Dalla Lana School of Public Health,,,,,,,Adjunct Professor,,,,,,,,,,,,,,,,,,
,Daisy Singla,Daisy,Singla,,,,,,,CA-ON-001,University of Toronto,Dalla Lana School of Public Health,,,,,,,Assistant Professor,,,,,,,,,,,,,,,,,,
,Giovanna Sirianni,Giovanna,Sirianni,,,,,,,CA-ON-001,University of Toronto,Dalla Lana School of Public Health,,,,,,,Associate Professor,,,,,,,,,,,,,,,,,,
,Harvey A Skinner,Harvey,Skinner,A,,,,,,CA-ON-001,University of Toronto,Dalla Lana School of Public Health,,,,,,,Professor Emeritus,,,,,,,,,,,,,,,,,,
,Brendan T Smith,Brendan,Smith,T,,,,,,CA-ON-001,University of Toronto,Dalla Lana School of Public Health,,,,,,,Assistant Professor,,,,,,,,,,,,,,,,,,
,Maureen Smith,Maureen,Smith,,,,,,,CA-ON-001,University of Toronto,Dalla Lana School of Public Health,,,,,,,Adjunct Professor,,,,,,,,,,,,,,,,,,
,Maxwell J Smith,Maxwell,Smith,J,,,,,,CA-ON-001,University of Toronto,Dalla Lana School of Public Health,,,,,,,Associate Professor,,,,,,,,,,,,,,,,,,
,Peter M Smith,Peter,Smith,M,,,,,,CA-ON-001,University of Toronto,Dalla Lana School of Public Health,,,,,,,Professor,,,,,,,,,,,,,,,,,,
,Robert Smith,Robert,Smith,,,,,,,CA-ON-001,University of Toronto,Dalla Lana School of Public Health,,,,,,,Adjunct Lecturer,,,,,,,,,,,,,,,,,,
,Janet Smylie,Janet,Smylie,,,,,,,CA-ON-001,University of Toronto,Dalla Lana School of Public Health,,,,,,,Professor,,,,,,,,,,,,,,,,,,
,Sumeet Sodhi,Sumeet,Sodhi,,,,,,,CA-ON-001,University of Toronto,Dalla Lana School of Public Health,,,,,,,Associate Professor,,,,,,,,,,,,,,,,,,
,Ryan Sommers,Ryan,Sommers,,,,,,,CA-ON-001,University of Toronto,Dalla Lana School of Public Health,,,,,,,Adjunct Lecturer,,,,,,,,,,,,,,,,,,
,Bundit Sornpaisarn,Bundit,Sornpaisarn,,,,,,,CA-ON-001,University of Toronto,Dalla Lana School of Public Health,,,,,,,Assistant Professor,,,,,,,,,,,,,,,,,,
,Vincent Spilchuk,Vincent,Spilchuk,,,,,,,CA-ON-001,University of Toronto,Dalla Lana School of Public Health,,,,,,,Assistant Professor,,,,,,,,,,,,,,,,,,
,Sheryl Spithoff,Sheryl,Spithoff,,,,,,,CA-ON-001,University of Toronto,Dalla Lana School of Public Health,,,,,,,Assistant Professor,,,,,,,,,,,,,,,,,,
,Jeavana Sritharan,Jeavana,Sritharan,,,,,,,CA-ON-001,University of Toronto,Dalla Lana School of Public Health,,,,,,,Assistant Professor,,,,,,,,,,,,,,,,,,
,Jamie Stafford,Jamie,Stafford,,,,,,,CA-ON-001,University of Toronto,Dalla Lana School of Public Health,,,,,,,Professor,,,,,,,,,,,,,,,,,,
,Robert Steiner,Robert,Steiner,,,,,,,CA-ON-001,University of Toronto,Dalla Lana School of Public Health,,,,,,,Assistant Professor,,,,,,,,,,,,,,,,,,
,Suzanne L Stewart,Suzanne,Stewart,L,,,,,,CA-ON-001,University of Toronto,Dalla Lana School of Public Health,,,,,,,Professor,,,,,,,,,,,,,,,,,,
,Robert Stirling,Robert,Stirling,,,,,,,CA-ON-001,University of Toronto,Dalla Lana School of Public Health,,,,,,,Adjunct Professor,,,,,,,,,,,,,,,,,,
,Carol Strike,Carol,Strike,,,,,,,CA-ON-001,University of Toronto,Dalla Lana School of Public Health,,,,,,,Professor,,,,,,,,,,,,,,,,,,
,Lisa Joanna Strug,Lisa,Strug,Joanna,,,,,,CA-ON-001,University of Toronto,Dalla Lana School of Public Health,,,,,,,Associate Professor,,,,,,,,,,,,,,,,,,
,Padmaja Subbarao,Padmaja,Subbarao,,,,,,,CA-ON-001,University of Toronto,Dalla Lana School of Public Health,,,,,,,Associate Professor,,,,,,,,,,,,,,,,,,
,Frank Sullivan,Frank,Sullivan,,,,,,,CA-ON-001,University of Toronto,Dalla Lana School of Public Health,,,,,,,Professor,,,,,,,,,,,,,,,,,,
,Terrence Sullivan,Terrence,Sullivan,,,,,,,CA-ON-001,University of Toronto,Dalla Lana School of Public Health,,,,,,,Professor,,,,,,,,,,,,,,,,,,
,Richard Summerbell,Richard,Summerbell,,,,,,,CA-ON-001,University of Toronto,Dalla Lana School of Public Health,,,,,,,Associate Professor,,,,,,,,,,,,,,,,,,
,Lei Sun,Lei,Sun,,,,,,,CA-ON-001,University of Toronto,Dalla Lana School of Public Health,,,,,,,Professor,,,,,,,,,,,,,,,,,,
,Rinku Sutradhar,Rinku,Sutradhar,,,,,,,CA-ON-001,University of Toronto,Dalla Lana School of Public Health,,,,,,,Professor,,,,,,,,,,,,,,,,,,
,Jenna Sykes,Jenna,Sykes,,,,,,,CA-ON-001,University of Toronto,Dalla Lana School of Public Health,,,,,,,Assistant Professor,,,,,,,,,,,,,,,,,,
,Michael Szego,Michael,Szego,,,,,,,CA-ON-001,University of Toronto,Dalla Lana School of Public Health,,,,,,,Assistant Professor,,,,,,,,,,,,,,,,,,
,Susanna Talarico,Susanna,Talarico,,,,,,,CA-ON-001,University of Toronto,Dalla Lana School of Public Health,,,,,,,Lecturer,,,,,,,,,,,,,,,,,,
,Lesley A Tarasoff,Lesley,Tarasoff,A,,,,,,CA-ON-001,University of Toronto,Dalla Lana School of Public Health,,,,,,,Adjunct Lecturer,,,,,,,,,,,,,,,,,,
,Susan M Tarlo,Susan,Tarlo,M,,,,,,CA-ON-001,University of Toronto,Dalla Lana School of Public Health,,,,,,,Professor,,,,,,,,,,,,,,,,,,
,Youyenn Teo,Youyenn,Teo,,,,,,,CA-ON-001,University of Toronto,Dalla Lana School of Public Health,,,,,,,Associate Professor,,,,,,,,,,,,,,,,,,
,Aaron Thompson,Aaron,Thompson,,,,,,,CA-ON-001,University of Toronto,Dalla Lana School of Public Health,,,,,,,Assistant Professor,,,,,,,,,,,,,,,,,,
,Alison Thompson,Alison,Thompson,,,,,,,CA-ON-001,University of Toronto,Dalla Lana School of Public Health,,,,,,,Associate Professor,,,,,,,,,,,,,,,,,,
,Kevin E Thorpe,Kevin,Thorpe,E,,,,,,CA-ON-001,University of Toronto,Dalla Lana School of Public Health,,,,,,,Associate Professor,,,,,,,,,,,,,,,,,,
,Naomi Thulien,Naomi,Thulien,,,,,,,CA-ON-001,University of Toronto,Dalla Lana School of Public Health,,,,,,,Assistant Professor,,,,,,,,,,,,,,,,,,
,Ragavan Thurairatnam,Ragavan,Thurairatnam,,,,,,,CA-ON-001,University of Toronto,Dalla Lana School of Public Health,,,,,,,Adjunct Lecturer,,,,,,,,,,,,,,,,,,
,Ajiboye Timothy Wale,Ajiboye,Timothy Wale,,,,,,,CA-ON-001,University of Toronto,Dalla Lana School of Public Health,,,,,,,Adjunct Lecturer,,,,,,,,,,,,,,,,,,
,Roberta K Timothy,Roberta,Timothy,K,,,,,,CA-ON-001,University of Toronto,Dalla Lana School of Public Health,,,,,,,Assistant Professor,,,,,,,,,,,,,,,,,,
,Teresa To,Teresa,To,,,,,,,CA-ON-001,University of Toronto,Dalla Lana School of Public Health,,,,,,,Professor,,,,,,,,,,,,,,,,,,
,George Tomlinson,George,Tomlinson,,,,,,,CA-ON-001,University of Toronto,Dalla Lana School of Public Health,,,,,,,Professor,,,,,,,,,,,,,,,,,,
,Emile Tompa,Emile,Tompa,,,,,,,CA-ON-001,University of Toronto,Dalla Lana School of Public Health,,,,,,,Assistant Professor,,,,,,,,,,,,,,,,,,
,Andrea Tricco,Andrea,Tricco,,,,,,,CA-ON-001,University of Toronto,Dalla Lana School of Public Health,,,,,,,Professor,,,,,,,,,,,,,,,,,,
,Kazumi Tsuchiya,Kazumi,Tsuchiya,,,,,,,CA-ON-001,University of Toronto,Dalla Lana School of Public Health,,,,,,,Assistant Professor,,,,,,,,,,,,,,,,,,
,Ashleigh Tuite,Ashleigh,Tuite,,,,,,,CA-ON-001,University of Toronto,Dalla Lana School of Public Health,,,,,,,Assistant Professor,,,,,,,,,,,,,,,,,,
,Nigel E Turner,Nigel,Turner,E,,,,,,CA-ON-001,University of Toronto,Dalla Lana School of Public Health,,,,,,,Assistant Professor,,,,,,,,,,,,,,,,,,
,Ingrid Tyler,Ingrid,Tyler,,,,,,,CA-ON-001,University of Toronto,Dalla Lana School of Public Health,,,,,,,Assistant Professor,,,,,,,,,,,,,,,,,,
,Ross EG Upshur,Ross,Upshur,EG,,,,,,CA-ON-001,University of Toronto,Dalla Lana School of Public Health,,,,,,,Professor,,,,,,,,,,,,,,,,,,
,Bruce Urch,Bruce,Urch,,,,,,,CA-ON-001,University of Toronto,Dalla Lana School of Public Health,,,,,,,Adjunct Lecturer,,,,,,,,,,,,,,,,,,
,Faraz Vahid Shahidi,Faraz,Vahid Shahidi,,,,,,,CA-ON-001,University of Toronto,Dalla Lana School of Public Health,,,,,,,Assistant Professor,,,,,,,,,,,,,,,,,,
,Monique van Lettow,Monique,van Lettow,,,,,,,CA-ON-001,University of Toronto,Dalla Lana School of Public Health,,,,,,,Adjunct Lecturer,,,,,,,,,,,,,,,,,,
,Loren Vanderlinden,Loren,Vanderlinden,,,,,,,CA-ON-001,University of Toronto,Dalla Lana School of Public Health,,,,,,,Adjunct Professor,,,,,,,,,,,,,,,,,,
,Franklin Wagner,Franklin,Wagner,,,,,,,CA-ON-001,University of Toronto,Dalla Lana School of Public Health,,,,,,,Assistant Professor,,,,,,,,,,,,,,,,,,
,Michael Wainberg,Michael,Wainberg,,,,,,,CA-ON-001,University of Toronto,Dalla Lana School of Public Health,,,,,,,Assistant Professor,,,,,,,,,,,,,,,,,,
,Ingrid Waldron,Ingrid,Waldron,,,,,,,CA-ON-001,University of Toronto,Dalla Lana School of Public Health,,,,,,,Professor,,,,,,,,,,,,,,,,,,
,Jennifer D Walker,Jennifer,Walker,D,,,,,,CA-ON-001,University of Toronto,Dalla Lana School of Public Health,,,,,,,Assistant Professor,,,,,,,,,,,,,,,,,,
,Meghan Walker,Meghan,Walker,,,,,,,CA-ON-001,University of Toronto,Dalla Lana School of Public Health,,,,,,,Assistant Professor,,,,,,,,,,,,,,,,,,
,Tamara Wallington,Tamara,Wallington,,,,,,,CA-ON-001,University of Toronto,Dalla Lana School of Public Health,,,,,,,Assistant Professor,,,,,,,,,,,,,,,,,,
,Lisa Wang,Lisa,Wang,,,,,,,CA-ON-001,University of Toronto,Dalla Lana School of Public Health,,,,,,,Assistant Professor,,,,,,,,,,,,,,,,,,
,Peizhong Peter Wang,Peizhong,Wang,Peter,,,,,,CA-ON-001,University of Toronto,Dalla Lana School of Public Health,,,,,,,Professor,,,,,,,,,,,,,,,,,,
,Susitha Wanigaratne,Susitha,Wanigaratne,,,,,,,CA-ON-001,University of Toronto,Dalla Lana School of Public Health,,,,,,,Adjunct Lecturer,,,,,,,,,,,,,,,,,,
,Daniel Warshafsky,Daniel,Warshafsky,,,,,,,CA-ON-001,University of Toronto,Dalla Lana School of Public Health,,,,,,,Adjunct Lecturer,,,,,,,,,,,,,,,,,,
,Fiona Webster,Fiona,Webster,,,,,,,CA-ON-001,University of Toronto,Dalla Lana School of Public Health,,,,,,,Professor,,,,,,,,,,,,,,,,,,
,Xiaolin Wei,Xiaolin,Wei,,,,,,,CA-ON-001,University of Toronto,Dalla Lana School of Public Health,,,,,,,Professor,,,,,,,,,,,,,,,,,,
,Samantha Wells,Samantha,Wells,,,,,,,CA-ON-001,University of Toronto,Dalla Lana School of Public Health,,,,,,,Professor,,,,,,,,,,,,,,,,,,
,Frank Wendt,Frank,Wendt,,,,,,,CA-ON-001,University of Toronto,Dalla Lana School of Public Health,,,,,,,Assistant Professor,,,,,,,,,,,,,,,,,,
,Cynthia R Whitehead,Cynthia,Whitehead,R,,,,,,CA-ON-001,University of Toronto,Dalla Lana School of Public Health,,,,,,,Professor,,,,,,,,,,,,,,,,,,
,Christine M Wickens,Christine,Wickens,M,,,,,,CA-ON-001,University of Toronto,Dalla Lana School of Public Health,,,,,,,Associate Professor,,,,,,,,,,,,,,,,,,
,Michael Widener,Michael,Widener,,,,,,,CA-ON-001,University of Toronto,Dalla Lana School of Public Health,,,,,,,Associate Professor,,,,,,,,,,,,,,,,,,
,Brenda C Williams,Brenda,Williams,C,,,,,,CA-ON-001,University of Toronto,Dalla Lana School of Public Health,,,,,,,Adjunct Lecturer,,,,,,,,,,,,,,,,,,
,Connie Williams,Connie,Williams,,,,,,,CA-ON-001,University of Toronto,Dalla Lana School of Public Health,,,,,,,Associate Professor,,,,,,,,,,,,,,,,,,
,David Williams,David,Williams,,,,,,,CA-ON-001,University of Toronto,Dalla Lana School of Public Health,,,,,,,Adjunct Professor,,,,,,,,,,,,,,,,,,
,Sarah Wilson,Sarah,Wilson,,,,,,,CA-ON-001,University of Toronto,Dalla Lana School of Public Health,,,,,,,Associate Professor,,,,,,,,,,,,,,,,,,
,Andrea Wirtz,Andrea,Wirtz,,,,,,,CA-ON-001,University of Toronto,Dalla Lana School of Public Health,,,,,,,Associate Professor,,,,,,,,,,,,,,,,,,
,Clare Wiseman,Clare,Wiseman,,,,,,,CA-ON-001,University of Toronto,Dalla Lana School of Public Health,,,,,,,Associate Professor,,,,,,,,,,,,,,,,,,
,Theodore Witek,Theodore,Witek,,Ted,,,,,CA-ON-001,University of Toronto,Dalla Lana School of Public Health,,,,,,,Professor,,,,,,,,,,,,,,,,,,
,Andy Kin On Wong,Andy,Wong,Kin On,,,,,,CA-ON-001,University of Toronto,Dalla Lana School of Public Health,,,,,,,Assistant Professor,,,,,,,,,,,,,,,,,,
,Josephine Pui-​Hing Wong,Josephine,Wong,Pui-​Hing,,,,,,CA-ON-001,University of Toronto,Dalla Lana School of Public Health,,,,,,,Professor,,,,,,,,,,,,,,,,,,
,Peter Wong,Peter,Wong,,,,,,,CA-ON-001,University of Toronto,Dalla Lana School of Public Health,,,,,,,Associate Professor,,,,,,,,,,,,,,,,,,
,Thomas Wong,Thomas,Wong,,,,,,,CA-ON-001,University of Toronto,Dalla Lana School of Public Health,,,,,,,Assistant Professor,,,,,,,,,,,,,,,,,,
,Sarah Woodruff,Sarah,Woodruff,,,,,,,CA-ON-001,University of Toronto,Dalla Lana School of Public Health,,,,,,,Associate Professor,,,,,,,,,,,,,,,,,,
,Wei Xu,Wei,Xu,,,,,,,CA-ON-001,University of Toronto,Dalla Lana School of Public Health,,,,,,,Professor,,,,,,,,,,,,,,,,,,
,Barbara Yaffe,Barbara,Yaffe,,,,,,,CA-ON-001,University of Toronto,Dalla Lana School of Public Health,,,,,,,Adjunct Professor,,,,,,,,,,,,,,,,,,
,Basak Yanar,Basak,Yanar,,,,,,,CA-ON-001,University of Toronto,Dalla Lana School of Public Health,,,,,,,Assistant Professor,,,,,,,,,,,,,,,,,,
,Aaron Yarmoshuk,Aaron,Yarmoshuk,,,,,,,CA-ON-001,University of Toronto,Dalla Lana School of Public Health,,,,,,,Adjunct Lecturer,,,,,,,,,,,,,,,,,,
,Karen Yoshida,Karen,Yoshida,,,,,,,CA-ON-001,University of Toronto,Dalla Lana School of Public Health,,,,,,,Professor Emerita,,,,,,,,,,,,,,,,,,
,Cheryl Young,Cheryl,Young,,,,,,,CA-ON-001,University of Toronto,Dalla Lana School of Public Health,,,,,,,Adjunct Lecturer,,,,,,,,,,,,,,,,,,
,Eric Young,Eric,Young,,,,,,,CA-ON-001,University of Toronto,Dalla Lana School of Public Health,,,,,,,Adjunct Professor,,,,,,,,,,,,,,,,,,
,Jesse T Young,Jesse,Young,T,,,,,,CA-ON-001,University of Toronto,Dalla Lana School of Public Health,,,,,,,Associate Professor,,,,,,,,,,,,,,,,,,
,Catherine Yu,Catherine,Yu,,,,,,,CA-ON-001,University of Toronto,Dalla Lana School of Public Health,,,,,,,Associate Professor,,,,,,,,,,,,,,,,,,
,Sheila Yuen,Sheila,Yuen,,,,,,,CA-ON-001,University of Toronto,Dalla Lana School of Public Health,,,,,,,Lecturer,,,,,,,,,,,,,,,,,,
,Clement Zai,Clement,Zai,,,,,,,CA-ON-001,University of Toronto,Dalla Lana School of Public Health,,,,,,,Associate Professor,,,,,,,,,,,,,,,,,,
,Camellia Zakaria,Camellia,Zakaria,,,,,,,CA-ON-001,University of Toronto,Dalla Lana School of Public Health,,,,,,,Assistant Professor,,,,,,,,,,,,,,,,,,
,David Zakus,David,Zakus,,,,,,,CA-ON-001,University of Toronto,Dalla Lana School of Public Health,,,,,,,Adjunct Professor,,,,,,,,,,,,,,,,,,
,Mesfin Zbelo,Mesfin,Zbelo,,,,,,,CA-ON-001,University of Toronto,Dalla Lana School of Public Health,,,,,,,Adjunct Lecturer,,,,,,,,,,,,,,,,,,
,Junqiang Zhao,Junqiang,Zhao,,,,,,,CA-ON-001,University of Toronto,Dalla Lana School of Public Health,,,,,,,Assistant Professor,,,,,,,,,,,,,,,,,,
,Stanley H Zlotkin,Stanley,Zlotkin,H,,,,,,CA-ON-001,University of Toronto,Dalla Lana School of Public Health,,,,,,,Professor,,,,,,,,,,,,,,,,,,